Order_ID,Order_Date,Customer_Name,City,Category,Product,Quantity,Unit_Price,Discount_Percent,Total_Amount,Payment_Method,Order_Status
ORD00001,2025-12-13,Neha Jain,Chennai,Electronics,Power Bank,3,55907,10,150948.9,Net Banking,Cancelled
ORD00002,2024-10-20,Aditya Mishra,Jaipur,Books,Data Analytics,3,1682,15,4289.1,Debit Card,Completed
ORD00003,2025-07-07,Vivaan Mehta,Chennai,Home & Kitchen,Coffee Maker,5,9983,0,49915.0,Credit Card,Completed
ORD00004,2025-02-02,Riya Yadav,Bhopal,Beauty,Moisturizer,4,1867,0,7468.0,Net Banking,Cancelled
ORD00005,2024-05-18,Amit Malhotra,Pune,Beauty,Perfume,3,1776,15,4528.8,UPI,Cancelled
ORD00006,2024-03-11,Rahul Mehta,Mumbai,Home & Kitchen,Coffee Maker,4,2180,15,7412.0,Net Banking,Cancelled
ORD00007,2024-05-25,Meera Kumar,Jaipur,Home & Kitchen,Water Bottle,5,8285,20,33140.0,UPI,Cancelled
ORD00008,2024-01-28,Neha Shah,Bhopal,Books,Business Management,4,934,10,3362.4,Credit Card,Completed
ORD00009,2025-02-08,Neha Shah,Indore,Home & Kitchen,Bedsheet,5,9250,10,41625.0,Debit Card,Cancelled
ORD00010,2024-01-26,Aarav Kumar,Delhi,Clothing,Sneakers,3,1387,20,3328.8,Cash on Delivery,Completed
ORD00011,2025-04-29,Pooja Gupta,Pune,Beauty,Shampoo,3,2797,20,6712.8,Debit Card,Completed
ORD00012,2025-06-07,Arjun Kumar,Bhopal,Beauty,Shampoo,1,2514,10,2262.6,Cash on Delivery,Completed
ORD00013,2025-04-05,Sahil Yadav,Hyderabad,Beauty,Face Wash,3,1229,15,3133.95,Credit Card,Returned
ORD00014,2025-07-11,Aditya Kumar,Ahmedabad,Electronics,Smartphone,5,24250,5,115187.5,Credit Card,Cancelled
ORD00015,2024-11-28,Kavya Jain,Chennai,Clothing,Sneakers,4,764,0,3056.0,Credit Card,Cancelled
ORD00016,2025-04-29,Aditi Mehta,Pune,Clothing,Kurta,1,4340,15,3689.0,Credit Card,Completed
ORD00017,2024-12-26,Vivaan Joshi,Bhopal,Electronics,Bluetooth Speaker,4,6129,0,24516.0,Credit Card,Completed
ORD00018,2024-11-22,Aditya Patel,Mumbai,Electronics,Power Bank,3,51720,10,139644.0,Net Banking,Completed
ORD00019,2024-12-21,Arjun Malhotra,Hyderabad,Clothing,T-Shirt,3,2548,5,7261.8,Debit Card,Completed
ORD00020,2025-09-12,Aditi Mehta,Pune,Beauty,Face Wash,3,2021,10,5456.7,Credit Card,Completed
ORD00021,2025-05-05,Aarav Soni,Bhopal,Clothing,Kurta,3,1790,15,4564.5,Credit Card,Completed
ORD00022,2024-06-21,Isha Malhotra,Indore,Books,Business Management,4,1665,5,6327.0,UPI,Completed
ORD00023,2024-07-31,Kunal Mishra,Hyderabad,Home & Kitchen,Coffee Maker,3,4010,15,10225.5,Debit Card,Returned
ORD00024,2024-04-20,Pooja Patel,Jaipur,Clothing,Kurta,1,606,20,484.8,UPI,Cancelled
ORD00025,2025-04-28,Rahul Soni,Pune,Beauty,Sunscreen,1,2759,5,2621.05,Credit Card,Returned
ORD00026,2024-02-19,Isha Kumar,Jaipur,Electronics,Power Bank,2,1041,0,2082.0,Cash on Delivery,Completed
ORD00027,2025-07-21,Amit Mehta,Mumbai,Books,SQL for Beginners,4,648,20,2073.6,Cash on Delivery,Completed
ORD00028,2025-12-08,Aditya Malhotra,Bhopal,Home & Kitchen,Cookware Set,1,3567,15,3031.95,Credit Card,Completed
ORD00029,2025-06-23,Kavya Mehta,Jaipur,Beauty,Perfume,3,2575,0,7725.0,UPI,Completed
ORD00030,2024-08-17,Pooja Verma,Ahmedabad,Electronics,Bluetooth Speaker,2,63271,15,107560.7,Debit Card,Completed
ORD00031,2024-04-12,Sahil Sharma,Chennai,Beauty,Sunscreen,3,594,15,1514.7,Debit Card,Completed
ORD00032,2025-09-10,Aditi Patel,Indore,Beauty,Face Wash,5,2311,15,9821.75,Net Banking,Completed
ORD00033,2025-09-25,Rohan Agarwal,Chennai,Clothing,Kurta,3,1937,20,4648.8,Net Banking,Completed
ORD00034,2025-01-22,Amit Soni,Delhi,Home & Kitchen,Mixer Grinder,3,11562,10,31217.4,Credit Card,Completed
ORD00035,2024-04-16,Meera Mishra,Bhopal,Beauty,Perfume,5,2181,5,10359.75,Cash on Delivery,Completed
ORD00036,2024-11-28,Aditya Soni,Bhopal,Clothing,Kurta,5,1161,0,5805.0,Debit Card,Completed
ORD00037,2024-10-14,Arjun Patel,Jaipur,Books,SQL for Beginners,5,1025,20,4100.0,Credit Card,Returned
ORD00038,2024-06-15,Riya Agarwal,Delhi,Home & Kitchen,Bedsheet,5,6069,5,28827.75,Net Banking,Completed
ORD00039,2025-08-31,Rohan Sharma,Bhopal,Beauty,Moisturizer,1,580,0,580.0,UPI,Completed
ORD00040,2025-02-26,Vivaan Mishra,Chennai,Beauty,Perfume,5,1292,20,5168.0,Net Banking,Completed
ORD00041,2024-12-03,Isha Patel,Chennai,Books,Business Management,5,1747,20,6988.0,Credit Card,Cancelled
ORD00042,2024-09-03,Rohan Sharma,Mumbai,Books,Python Programming,1,867,5,823.65,Debit Card,Completed
ORD00043,2025-10-30,Vikram Kumar,Jaipur,Books,Python Programming,1,1468,15,1247.8,Debit Card,Cancelled
ORD00044,2025-07-13,Ananya Malhotra,Hyderabad,Clothing,Jacket,5,3401,10,15304.5,UPI,Completed
ORD00045,2025-03-24,Aarav Singh,Hyderabad,Electronics,Power Bank,3,45375,20,108900.0,UPI,Completed
ORD00046,2024-10-23,Vivaan Shah,Bengaluru,Books,Data Analytics,5,1734,20,6936.0,Debit Card,Cancelled
ORD00047,2025-03-25,Pooja Malhotra,Bhopal,Beauty,Perfume,1,558,10,502.2,UPI,Completed
ORD00048,2025-01-12,Aditi Shah,Pune,Home & Kitchen,Mixer Grinder,3,8814,15,22475.7,Credit Card,Completed
ORD00049,2024-11-01,Meera Verma,Ahmedabad,Electronics,Smartwatch,4,8229,15,27978.6,Net Banking,Completed
ORD00050,2025-01-23,Kunal Agarwal,Mumbai,Books,Business Management,5,632,5,3002.0,Credit Card,Completed
ORD00051,2025-02-07,Vivaan Malhotra,Ahmedabad,Beauty,Face Wash,3,2621,0,7863.0,Cash on Delivery,Completed
ORD00052,2024-11-05,Sahil Patel,Bhopal,Books,Business Management,2,1348,20,2156.8,Credit Card,Returned
ORD00053,2024-11-27,Aditya Verma,Chennai,Beauty,Perfume,3,289,0,867.0,Cash on Delivery,Completed
ORD00054,2025-02-01,Sahil Gupta,Bhopal,Clothing,Kurta,3,1788,15,4559.4,Credit Card,Returned
ORD00055,2025-04-30,Neha Gupta,Bhopal,Electronics,Smartwatch,4,54512,0,218048.0,Net Banking,Completed
ORD00056,2025-08-13,Riya Mishra,Bhopal,Electronics,Power Bank,1,16512,15,14035.2,UPI,Returned
ORD00057,2025-08-08,Pooja Sharma,Ahmedabad,Clothing,Sneakers,1,1119,20,895.2,Credit Card,Completed
ORD00058,2025-08-21,Vivaan Yadav,Jaipur,Beauty,Shampoo,5,2999,15,12745.75,Debit Card,Completed
ORD00059,2025-09-13,Aditya Verma,Pune,Home & Kitchen,Coffee Maker,4,9018,0,36072.0,UPI,Cancelled
ORD00060,2025-01-06,Arjun Sharma,Indore,Books,SQL for Beginners,2,1768,15,3005.6,UPI,Completed
ORD00061,2024-05-13,Rahul Soni,Mumbai,Electronics,Wireless Headphones,3,46325,15,118128.75,Cash on Delivery,Completed
ORD00062,2025-01-30,Kavya Singh,Mumbai,Home & Kitchen,Cookware Set,4,5524,20,17676.8,Debit Card,Completed
ORD00063,2024-10-21,Rohan Joshi,Ahmedabad,Home & Kitchen,Bedsheet,3,2036,15,5191.8,Debit Card,Completed
ORD00064,2024-10-19,Aditya Malhotra,Hyderabad,Electronics,Smartwatch,2,6706,15,11400.2,Cash on Delivery,Completed
ORD00065,2024-11-01,Meera Singh,Pune,Electronics,Bluetooth Speaker,5,38528,5,183008.0,Debit Card,Completed
ORD00066,2025-03-26,Aditi Kumar,Mumbai,Clothing,T-Shirt,3,3629,15,9253.95,Credit Card,Cancelled
ORD00067,2025-06-21,Arjun Jain,Bengaluru,Clothing,Jacket,3,2821,20,6770.4,Cash on Delivery,Completed
ORD00068,2024-10-07,Ananya Agarwal,Pune,Beauty,Sunscreen,3,1937,20,4648.8,UPI,Completed
ORD00069,2024-05-06,Riya Mishra,Chennai,Electronics,Wireless Headphones,5,4273,10,19228.5,Credit Card,Completed
ORD00070,2024-06-23,Aarav Jain,Hyderabad,Books,Fiction Novel,5,795,0,3975.0,Net Banking,Completed
ORD00071,2025-05-16,Ananya Malhotra,Bhopal,Home & Kitchen,Coffee Maker,1,9333,15,7933.05,Net Banking,Cancelled
ORD00072,2025-06-03,Priya Kumar,Bhopal,Clothing,Kurta,1,1361,0,1361.0,Debit Card,Returned
ORD00073,2024-11-23,Sneha Mehta,Jaipur,Beauty,Sunscreen,2,710,10,1278.0,Credit Card,Completed
ORD00074,2024-06-27,Kavya Sharma,Ahmedabad,Electronics,Smartwatch,3,31545,0,94635.0,Cash on Delivery,Completed
ORD00075,2024-03-02,Arjun Gupta,Delhi,Books,Python Programming,1,1357,0,1357.0,Credit Card,Returned
ORD00076,2025-06-13,Priya Mehta,Mumbai,Beauty,Sunscreen,4,2244,0,8976.0,Net Banking,Completed
ORD00077,2025-01-03,Pooja Mishra,Pune,Beauty,Shampoo,2,3019,5,5736.1,Cash on Delivery,Completed
ORD00078,2024-01-17,Riya Kumar,Mumbai,Home & Kitchen,Mixer Grinder,2,10221,0,20442.0,Cash on Delivery,Returned
ORD00079,2025-11-08,Amit Patel,Hyderabad,Books,Business Management,1,614,15,521.9,Debit Card,Completed
ORD00080,2025-06-04,Aditi Mehta,Ahmedabad,Clothing,T-Shirt,1,1678,15,1426.3,Cash on Delivery,Completed
ORD00081,2025-07-24,Sneha Agarwal,Pune,Beauty,Moisturizer,4,3380,15,11492.0,Cash on Delivery,Completed
ORD00082,2024-03-19,Isha Mishra,Ahmedabad,Electronics,Bluetooth Speaker,3,42473,20,101935.2,UPI,Completed
ORD00083,2025-07-21,Sneha Agarwal,Ahmedabad,Beauty,Perfume,4,383,10,1378.8,Debit Card,Returned
ORD00084,2024-06-11,Sahil Gupta,Bengaluru,Beauty,Sunscreen,5,2361,0,11805.0,Debit Card,Cancelled
ORD00085,2024-03-20,Vikram Mishra,Ahmedabad,Clothing,Kurta,2,653,5,1240.7,Net Banking,Cancelled
ORD00086,2025-10-24,Kavya Sharma,Delhi,Books,Business Management,5,1481,0,7405.0,UPI,Completed
ORD00087,2024-10-19,Vikram Sharma,Hyderabad,Clothing,Kurta,5,1609,15,6838.25,Cash on Delivery,Completed
ORD00088,2025-06-02,Rahul Jain,Bengaluru,Books,Python Programming,5,1565,5,7433.75,Debit Card,Completed
ORD00089,2025-06-07,Ananya Soni,Pune,Electronics,Smartphone,5,12762,10,57429.0,Cash on Delivery,Completed
ORD00090,2025-09-16,Rohan Agarwal,Chennai,Beauty,Perfume,3,856,20,2054.4,Net Banking,Completed
ORD00091,2024-02-19,Sahil Soni,Mumbai,Electronics,Smartphone,2,32651,0,65302.0,Credit Card,Completed
ORD00092,2025-12-03,Sahil Malhotra,Chennai,Electronics,Smartphone,4,57330,20,183456.0,Debit Card,Completed
ORD00093,2025-01-21,Kunal Soni,Ahmedabad,Beauty,Shampoo,2,3204,5,6087.6,Net Banking,Completed
ORD00094,2024-09-10,Neha Sharma,Jaipur,Home & Kitchen,Bedsheet,2,3806,0,7612.0,UPI,Completed
ORD00095,2025-12-27,Rohan Agarwal,Bengaluru,Electronics,Bluetooth Speaker,3,51099,20,122637.6,Net Banking,Completed
ORD00096,2024-11-07,Pooja Gupta,Hyderabad,Beauty,Perfume,4,1288,0,5152.0,Credit Card,Returned
ORD00097,2024-01-30,Pooja Jain,Indore,Books,Data Analytics,1,1382,5,1312.9,Credit Card,Completed
ORD00098,2025-04-08,Sahil Singh,Mumbai,Electronics,Smartwatch,3,51506,0,154518.0,Net Banking,Completed
ORD00099,2024-01-02,Vikram Singh,Delhi,Beauty,Perfume,5,1603,0,8015.0,UPI,Completed
ORD00100,2025-02-06,Aarav Verma,Chennai,Beauty,Face Wash,3,1582,10,4271.4,Debit Card,Returned
ORD00101,2024-06-15,Rahul Gupta,Chennai,Home & Kitchen,Coffee Maker,3,5914,5,16854.9,Credit Card,Completed
ORD00102,2024-08-20,Aarav Shah,Bhopal,Beauty,Moisturizer,3,2211,0,6633.0,UPI,Returned
ORD00103,2024-06-25,Pooja Patel,Indore,Electronics,Wireless Headphones,5,2711,10,12199.5,Debit Card,Completed
ORD00104,2025-10-16,Meera Shah,Chennai,Home & Kitchen,Bedsheet,1,6539,0,6539.0,Cash on Delivery,Returned
ORD00105,2024-09-20,Rahul Soni,Chennai,Clothing,Jeans,3,4854,0,14562.0,Cash on Delivery,Completed
ORD00106,2025-08-23,Kavya Verma,Indore,Clothing,Jacket,4,1395,5,5301.0,Cash on Delivery,Completed
ORD00107,2025-06-23,Amit Sharma,Jaipur,Books,Python Programming,4,1552,5,5897.6,Credit Card,Completed
ORD00108,2025-08-02,Aditi Singh,Bengaluru,Beauty,Face Wash,1,445,0,445.0,UPI,Returned
ORD00109,2025-10-17,Pooja Sharma,Indore,Clothing,T-Shirt,3,3057,10,8253.9,Cash on Delivery,Completed
ORD00110,2024-09-07,Priya Patel,Hyderabad,Home & Kitchen,Mixer Grinder,2,5532,5,10510.8,Cash on Delivery,Returned
ORD00111,2025-03-21,Vivaan Mehta,Bhopal,Electronics,Wireless Headphones,1,15571,15,13235.35,Debit Card,Completed
ORD00112,2024-04-19,Neha Shah,Pune,Clothing,Sneakers,4,3007,20,9622.4,Cash on Delivery,Completed
ORD00113,2025-10-11,Aarav Agarwal,Hyderabad,Beauty,Face Wash,2,555,15,943.5,Credit Card,Completed
ORD00114,2025-12-18,Aditya Kumar,Ahmedabad,Books,Data Analytics,5,519,20,2076.0,Credit Card,Completed
ORD00115,2025-06-25,Riya Agarwal,Hyderabad,Clothing,Jacket,4,3371,0,13484.0,Net Banking,Completed
ORD00116,2025-01-02,Aditi Jain,Indore,Books,Fiction Novel,1,1584,15,1346.4,UPI,Completed
ORD00117,2025-10-09,Sahil Sharma,Hyderabad,Home & Kitchen,Bedsheet,2,4712,20,7539.2,Credit Card,Completed
ORD00118,2025-01-03,Priya Mehta,Pune,Clothing,Jeans,3,2282,20,5476.8,UPI,Completed
ORD00119,2024-09-04,Amit Kumar,Indore,Clothing,Jeans,4,1928,0,7712.0,Cash on Delivery,Cancelled
ORD00120,2025-12-13,Vivaan Shah,Bhopal,Clothing,T-Shirt,4,4452,5,16917.6,Debit Card,Completed
ORD00121,2025-04-21,Sahil Singh,Hyderabad,Electronics,Bluetooth Speaker,1,3604,5,3423.8,Debit Card,Returned
ORD00122,2024-03-17,Rohan Patel,Ahmedabad,Electronics,Smartphone,2,20805,20,33288.0,Net Banking,Returned
ORD00123,2024-03-11,Aditi Verma,Jaipur,Clothing,Kurta,3,4729,10,12768.3,Cash on Delivery,Cancelled
ORD00124,2024-09-30,Ananya Shah,Bengaluru,Books,Data Analytics,1,456,20,364.8,Debit Card,Cancelled
ORD00125,2024-05-30,Meera Kumar,Hyderabad,Books,Python Programming,5,248,0,1240.0,Cash on Delivery,Completed
ORD00126,2025-04-20,Riya Yadav,Pune,Electronics,Smartphone,1,25448,0,25448.0,UPI,Completed
ORD00127,2025-01-22,Riya Yadav,Chennai,Electronics,Smartphone,1,55440,10,49896.0,Credit Card,Completed
ORD00128,2024-07-25,Arjun Sharma,Pune,Clothing,Jeans,5,4484,10,20178.0,Debit Card,Completed
ORD00129,2024-12-17,Meera Jain,Jaipur,Clothing,Jacket,2,2054,0,4108.0,Cash on Delivery,Completed
ORD00130,2024-04-24,Aditi Malhotra,Ahmedabad,Electronics,Smartphone,2,11270,0,22540.0,UPI,Completed
ORD00131,2025-12-22,Vivaan Jain,Bhopal,Beauty,Perfume,5,858,20,3432.0,Cash on Delivery,Cancelled
ORD00132,2025-11-11,Sahil Mishra,Mumbai,Books,Python Programming,1,746,0,746.0,UPI,Cancelled
ORD00133,2024-11-15,Vivaan Agarwal,Delhi,Books,Business Management,4,537,10,1933.2,Net Banking,Cancelled
ORD00134,2024-11-12,Sneha Gupta,Bhopal,Electronics,Bluetooth Speaker,2,57163,0,114326.0,Net Banking,Completed
ORD00135,2025-04-26,Arjun Soni,Hyderabad,Home & Kitchen,Coffee Maker,4,8796,5,33424.8,Debit Card,Completed
ORD00136,2025-03-02,Sneha Shah,Indore,Home & Kitchen,Bedsheet,2,1361,20,2177.6,Cash on Delivery,Completed
ORD00137,2024-08-08,Isha Agarwal,Mumbai,Clothing,Kurta,2,2483,0,4966.0,Cash on Delivery,Cancelled
ORD00138,2025-06-13,Isha Kumar,Ahmedabad,Clothing,Sneakers,3,2984,10,8056.8,Credit Card,Completed
ORD00139,2024-03-07,Vikram Kumar,Mumbai,Electronics,Power Bank,4,26944,20,86220.8,Net Banking,Completed
ORD00140,2025-11-17,Neha Gupta,Jaipur,Books,Business Management,1,516,15,438.6,Net Banking,Completed
ORD00141,2025-05-07,Arjun Verma,Ahmedabad,Beauty,Perfume,5,1171,5,5562.25,Cash on Delivery,Cancelled
ORD00142,2024-08-12,Ananya Mehta,Hyderabad,Clothing,Kurta,4,4783,5,18175.4,UPI,Completed
ORD00143,2025-09-30,Ananya Kumar,Ahmedabad,Books,Fiction Novel,3,1062,15,2708.1,Net Banking,Completed
ORD00144,2024-11-19,Pooja Mishra,Hyderabad,Home & Kitchen,Mixer Grinder,5,10322,10,46449.0,Cash on Delivery,Completed
ORD00145,2025-06-27,Vikram Soni,Ahmedabad,Beauty,Shampoo,5,3429,0,17145.0,Net Banking,Completed
ORD00146,2024-08-10,Sahil Joshi,Delhi,Books,SQL for Beginners,3,1231,5,3508.35,Debit Card,Completed
ORD00147,2024-01-06,Rohan Singh,Indore,Clothing,Jacket,4,1737,5,6600.6,Credit Card,Completed
ORD00148,2024-11-24,Meera Singh,Ahmedabad,Books,SQL for Beginners,1,385,5,365.75,Credit Card,Completed
ORD00149,2024-02-20,Aarav Jain,Ahmedabad,Beauty,Face Wash,3,3437,15,8764.35,UPI,Completed
ORD00150,2025-02-24,Rohan Shah,Bhopal,Books,Python Programming,5,378,20,1512.0,UPI,Completed
ORD00151,2025-12-30,Rahul Shah,Indore,Home & Kitchen,Cookware Set,2,7936,0,15872.0,Debit Card,Completed
ORD00152,2024-06-02,Isha Verma,Indore,Electronics,Power Bank,5,21305,10,95872.5,Credit Card,Cancelled
ORD00153,2024-08-22,Kunal Agarwal,Delhi,Books,Python Programming,4,1698,5,6452.4,Net Banking,Cancelled
ORD00154,2024-08-25,Sahil Singh,Bhopal,Beauty,Face Wash,5,3226,0,16130.0,Credit Card,Completed
ORD00155,2024-01-26,Ananya Sharma,Mumbai,Clothing,T-Shirt,2,799,0,1598.0,Net Banking,Cancelled
ORD00156,2024-11-27,Arjun Sharma,Jaipur,Beauty,Shampoo,1,2047,10,1842.3,UPI,Completed
ORD00157,2025-07-01,Ananya Agarwal,Chennai,Home & Kitchen,Coffee Maker,3,9102,10,24575.4,Debit Card,Completed
ORD00158,2024-09-03,Rahul Joshi,Bhopal,Clothing,Jacket,2,3856,0,7712.0,UPI,Completed
ORD00159,2024-11-23,Vivaan Kumar,Ahmedabad,Electronics,Smartwatch,4,64381,0,257524.0,Credit Card,Completed
ORD00160,2025-11-22,Sneha Malhotra,Delhi,Beauty,Sunscreen,5,1787,15,7594.75,Credit Card,Cancelled
ORD00161,2024-02-06,Isha Mehta,Ahmedabad,Electronics,Bluetooth Speaker,2,53975,10,97155.0,Net Banking,Completed
ORD00162,2024-04-25,Rohan Gupta,Mumbai,Home & Kitchen,Bedsheet,3,1514,10,4087.8,Net Banking,Completed
ORD00163,2024-01-01,Arjun Gupta,Indore,Electronics,Bluetooth Speaker,3,36971,5,105367.35,Credit Card,Completed
ORD00164,2025-09-05,Priya Agarwal,Ahmedabad,Beauty,Perfume,1,2947,10,2652.3,Debit Card,Completed
ORD00165,2024-03-13,Sahil Mehta,Pune,Clothing,Jeans,3,1785,20,4284.0,Credit Card,Completed
ORD00166,2024-06-27,Arjun Verma,Indore,Home & Kitchen,Cookware Set,1,2409,5,2288.55,Debit Card,Completed
ORD00167,2024-03-13,Pooja Joshi,Chennai,Clothing,Jeans,3,4085,15,10416.75,UPI,Completed
ORD00168,2025-05-20,Priya Jain,Bengaluru,Electronics,Bluetooth Speaker,1,13506,20,10804.8,UPI,Returned
ORD00169,2025-08-11,Rahul Jain,Ahmedabad,Home & Kitchen,Mixer Grinder,1,11399,20,9119.2,UPI,Cancelled
ORD00170,2025-08-03,Sahil Shah,Bengaluru,Beauty,Shampoo,3,2867,5,8170.95,Debit Card,Completed
ORD00171,2024-09-18,Rahul Patel,Hyderabad,Books,Python Programming,5,249,10,1120.5,Debit Card,Completed
ORD00172,2024-07-16,Priya Kumar,Pune,Home & Kitchen,Water Bottle,5,8846,5,42018.5,Cash on Delivery,Completed
ORD00173,2024-10-03,Rohan Joshi,Bengaluru,Clothing,Jacket,2,2101,0,4202.0,UPI,Completed
ORD00174,2025-01-23,Isha Malhotra,Delhi,Electronics,Bluetooth Speaker,2,56207,15,95551.9,Debit Card,Cancelled
ORD00175,2024-10-13,Arjun Mehta,Bhopal,Beauty,Sunscreen,1,3322,20,2657.6,Cash on Delivery,Returned
ORD00176,2024-09-01,Aarav Joshi,Chennai,Home & Kitchen,Water Bottle,1,10987,0,10987.0,UPI,Returned
ORD00177,2025-10-03,Rahul Jain,Ahmedabad,Clothing,Jacket,3,3011,20,7226.4,Credit Card,Returned
ORD00178,2024-06-24,Rohan Yadav,Ahmedabad,Home & Kitchen,Mixer Grinder,1,2052,10,1846.8,UPI,Returned
ORD00179,2024-03-14,Riya Patel,Mumbai,Books,Fiction Novel,5,1127,0,5635.0,Cash on Delivery,Completed
ORD00180,2024-04-03,Aditi Joshi,Pune,Home & Kitchen,Coffee Maker,5,10947,5,51998.25,UPI,Completed
ORD00181,2024-01-18,Rahul Mishra,Ahmedabad,Beauty,Perfume,1,3091,0,3091.0,Debit Card,Completed
ORD00182,2024-04-09,Neha Mehta,Indore,Home & Kitchen,Cookware Set,1,1629,15,1384.65,Debit Card,Completed
ORD00183,2024-03-11,Pooja Singh,Bengaluru,Beauty,Moisturizer,3,1368,0,4104.0,Cash on Delivery,Completed
ORD00184,2025-10-07,Meera Jain,Hyderabad,Home & Kitchen,Coffee Maker,5,7115,20,28460.0,Credit Card,Completed
ORD00185,2024-01-30,Amit Sharma,Delhi,Electronics,Bluetooth Speaker,2,35074,15,59625.8,Net Banking,Completed
ORD00186,2024-07-25,Pooja Kumar,Indore,Clothing,Jacket,1,4705,0,4705.0,UPI,Returned
ORD00187,2024-11-20,Isha Mehta,Ahmedabad,Beauty,Face Wash,1,1541,15,1309.85,UPI,Completed
ORD00188,2025-05-06,Kunal Agarwal,Jaipur,Beauty,Shampoo,1,899,0,899.0,UPI,Cancelled
ORD00189,2025-08-03,Aditya Malhotra,Mumbai,Home & Kitchen,Water Bottle,4,11337,20,36278.4,Debit Card,Completed
ORD00190,2025-09-21,Riya Singh,Mumbai,Home & Kitchen,Water Bottle,5,9241,10,41584.5,Credit Card,Completed
ORD00191,2025-11-10,Aditya Verma,Jaipur,Electronics,Smartphone,4,5679,0,22716.0,Net Banking,Completed
ORD00192,2025-04-29,Arjun Mishra,Ahmedabad,Electronics,Smartphone,2,18874,10,33973.2,Cash on Delivery,Returned
ORD00193,2025-02-19,Aditi Sharma,Mumbai,Electronics,Smartphone,2,10576,0,21152.0,Cash on Delivery,Completed
ORD00194,2025-04-01,Priya Agarwal,Ahmedabad,Home & Kitchen,Bedsheet,2,10397,20,16635.2,UPI,Completed
ORD00195,2025-07-16,Sahil Singh,Bhopal,Electronics,Wireless Headphones,3,28853,5,82231.05,Debit Card,Completed
ORD00196,2025-07-14,Kunal Patel,Chennai,Electronics,Power Bank,4,11900,5,45220.0,Cash on Delivery,Completed
ORD00197,2025-01-05,Kavya Patel,Ahmedabad,Books,Fiction Novel,5,1049,0,5245.0,Debit Card,Completed
ORD00198,2024-06-24,Sahil Shah,Delhi,Beauty,Face Wash,3,2635,10,7114.5,Net Banking,Completed
ORD00199,2024-02-14,Aditi Malhotra,Jaipur,Books,SQL for Beginners,1,652,15,554.2,Cash on Delivery,Cancelled
ORD00200,2024-08-08,Kavya Soni,Mumbai,Books,Business Management,3,1569,15,4000.95,Debit Card,Completed
ORD00201,2025-01-04,Pooja Malhotra,Indore,Books,Business Management,4,1206,5,4582.8,Net Banking,Completed
ORD00202,2024-03-23,Rahul Mehta,Chennai,Home & Kitchen,Cookware Set,4,4825,15,16405.0,Credit Card,Returned
ORD00203,2024-07-31,Aditi Verma,Mumbai,Books,Python Programming,1,652,5,619.4,Debit Card,Completed
ORD00204,2025-08-08,Kavya Patel,Bhopal,Beauty,Perfume,4,2809,10,10112.4,Credit Card,Completed
ORD00205,2024-12-17,Amit Verma,Delhi,Clothing,Jeans,4,4214,10,15170.4,Net Banking,Completed
ORD00206,2024-05-12,Meera Singh,Bhopal,Books,SQL for Beginners,3,585,5,1667.25,Credit Card,Completed
ORD00207,2024-04-05,Isha Singh,Indore,Clothing,Jeans,5,1203,5,5714.25,Debit Card,Cancelled
ORD00208,2025-04-03,Amit Soni,Hyderabad,Clothing,Kurta,2,3910,10,7038.0,UPI,Returned
ORD00209,2024-12-02,Sahil Joshi,Chennai,Books,Fiction Novel,3,1006,5,2867.1,UPI,Cancelled
ORD00210,2025-04-14,Sahil Shah,Jaipur,Electronics,Bluetooth Speaker,3,32331,10,87293.7,Cash on Delivery,Completed
ORD00211,2025-10-11,Arjun Agarwal,Bhopal,Books,Python Programming,1,1268,0,1268.0,Credit Card,Completed
ORD00212,2025-03-24,Rohan Mishra,Delhi,Home & Kitchen,Bedsheet,4,5352,10,19267.2,Credit Card,Completed
ORD00213,2025-05-12,Isha Sharma,Hyderabad,Clothing,T-Shirt,4,3921,0,15684.0,UPI,Cancelled
ORD00214,2025-12-30,Meera Malhotra,Jaipur,Electronics,Smartphone,2,59942,15,101901.4,Debit Card,Completed
ORD00215,2024-07-03,Kunal Malhotra,Chennai,Beauty,Shampoo,3,1655,15,4220.25,Net Banking,Completed
ORD00216,2024-09-22,Amit Agarwal,Ahmedabad,Books,Data Analytics,5,206,10,927.0,Cash on Delivery,Completed
ORD00217,2025-06-29,Riya Shah,Bhopal,Clothing,Jeans,4,3931,5,14937.8,Credit Card,Completed
ORD00218,2025-06-23,Arjun Mehta,Hyderabad,Electronics,Wireless Headphones,3,28689,15,73156.95,UPI,Returned
ORD00219,2025-07-04,Neha Jain,Ahmedabad,Electronics,Bluetooth Speaker,2,60071,0,120142.0,UPI,Completed
ORD00220,2024-06-03,Rahul Patel,Ahmedabad,Home & Kitchen,Mixer Grinder,1,3084,15,2621.4,Debit Card,Cancelled
ORD00221,2024-10-20,Priya Gupta,Ahmedabad,Books,Python Programming,1,237,10,213.3,Credit Card,Completed
ORD00222,2024-04-27,Amit Singh,Delhi,Beauty,Perfume,1,1658,15,1409.3,Credit Card,Returned
ORD00223,2024-08-11,Rahul Mishra,Indore,Books,Fiction Novel,1,1573,10,1415.7,Net Banking,Completed
ORD00224,2024-02-11,Aditya Verma,Jaipur,Books,Business Management,4,1365,10,4914.0,UPI,Completed
ORD00225,2024-06-22,Aarav Mishra,Mumbai,Beauty,Perfume,1,632,20,505.6,Debit Card,Cancelled
ORD00226,2025-07-19,Aditi Mishra,Chennai,Home & Kitchen,Cookware Set,2,11543,5,21931.7,Credit Card,Cancelled
ORD00227,2025-11-01,Kavya Patel,Bhopal,Clothing,Jacket,2,2487,20,3979.2,Cash on Delivery,Completed
ORD00228,2025-03-25,Priya Joshi,Jaipur,Clothing,Jeans,3,4938,10,13332.6,UPI,Completed
ORD00229,2025-07-16,Priya Kumar,Delhi,Home & Kitchen,Bedsheet,4,10637,5,40420.6,Credit Card,Completed
ORD00230,2024-08-21,Neha Malhotra,Bengaluru,Books,Python Programming,5,552,15,2346.0,Net Banking,Completed
ORD00231,2025-11-20,Sahil Kumar,Jaipur,Home & Kitchen,Mixer Grinder,5,661,10,2974.5,UPI,Completed
ORD00232,2025-02-03,Rohan Shah,Bengaluru,Books,Data Analytics,5,1617,5,7680.75,Debit Card,Cancelled
ORD00233,2025-04-08,Kavya Singh,Mumbai,Books,Python Programming,3,908,0,2724.0,Net Banking,Returned
ORD00234,2025-09-03,Sahil Verma,Jaipur,Home & Kitchen,Mixer Grinder,3,3932,20,9436.8,UPI,Completed
ORD00235,2024-08-30,Aditya Patel,Jaipur,Beauty,Moisturizer,2,3246,20,5193.6,UPI,Completed
ORD00236,2024-01-22,Vivaan Patel,Bhopal,Clothing,T-Shirt,1,728,0,728.0,Debit Card,Cancelled
ORD00237,2025-01-16,Vivaan Agarwal,Ahmedabad,Books,Data Analytics,1,692,10,622.8,Net Banking,Completed
ORD00238,2024-11-04,Kunal Patel,Bhopal,Home & Kitchen,Bedsheet,3,5222,5,14882.7,Net Banking,Completed
ORD00239,2025-07-12,Neha Gupta,Delhi,Books,Fiction Novel,5,1610,20,6440.0,Credit Card,Cancelled
ORD00240,2024-09-04,Neha Joshi,Bengaluru,Clothing,Jacket,5,1757,5,8345.75,Credit Card,Completed
ORD00241,2025-05-13,Arjun Joshi,Hyderabad,Home & Kitchen,Bedsheet,5,8414,10,37863.0,UPI,Cancelled
ORD00242,2025-07-16,Vikram Jain,Delhi,Home & Kitchen,Mixer Grinder,1,4168,15,3542.8,Cash on Delivery,Cancelled
ORD00243,2025-11-08,Aarav Agarwal,Ahmedabad,Home & Kitchen,Cookware Set,5,6140,15,26095.0,Debit Card,Returned
ORD00244,2025-01-10,Priya Malhotra,Ahmedabad,Home & Kitchen,Bedsheet,4,5095,10,18342.0,Credit Card,Completed
ORD00245,2024-03-10,Sneha Malhotra,Bengaluru,Home & Kitchen,Cookware Set,3,2416,0,7248.0,UPI,Completed
ORD00246,2024-03-18,Kavya Mehta,Ahmedabad,Home & Kitchen,Coffee Maker,4,2821,0,11284.0,Cash on Delivery,Completed
ORD00247,2024-06-17,Arjun Gupta,Delhi,Home & Kitchen,Bedsheet,2,5123,0,10246.0,Cash on Delivery,Returned
ORD00248,2024-09-12,Kavya Shah,Delhi,Home & Kitchen,Mixer Grinder,5,9741,5,46269.75,Net Banking,Completed
ORD00249,2025-09-19,Kavya Malhotra,Pune,Books,Data Analytics,1,745,15,633.25,Cash on Delivery,Completed
ORD00250,2024-11-23,Ananya Yadav,Ahmedabad,Clothing,Jeans,5,1794,20,7176.0,Cash on Delivery,Returned
ORD00251,2025-01-04,Sneha Gupta,Bengaluru,Home & Kitchen,Bedsheet,1,6703,0,6703.0,Net Banking,Completed
ORD00252,2025-01-23,Isha Mishra,Jaipur,Home & Kitchen,Bedsheet,2,6472,0,12944.0,Cash on Delivery,Completed
ORD00253,2024-05-09,Aditya Agarwal,Delhi,Electronics,Smartphone,5,36320,0,181600.0,Net Banking,Returned
ORD00254,2024-03-15,Vivaan Sharma,Bhopal,Clothing,Sneakers,1,3075,20,2460.0,Debit Card,Completed
ORD00255,2024-01-09,Neha Jain,Bengaluru,Clothing,Jacket,2,2478,0,4956.0,UPI,Completed
ORD00256,2024-05-23,Ananya Yadav,Bengaluru,Beauty,Shampoo,1,708,15,601.8,Cash on Delivery,Returned
ORD00257,2024-02-03,Aditi Gupta,Bhopal,Beauty,Moisturizer,5,979,15,4160.75,Credit Card,Completed
ORD00258,2025-01-16,Aarav Gupta,Jaipur,Books,Python Programming,3,1176,15,2998.8,Credit Card,Cancelled
ORD00259,2024-06-12,Riya Shah,Bengaluru,Electronics,Wireless Headphones,4,39499,20,126396.8,Debit Card,Completed
ORD00260,2025-01-23,Arjun Patel,Indore,Home & Kitchen,Mixer Grinder,5,5401,20,21604.0,Credit Card,Returned
ORD00261,2025-12-09,Ananya Sharma,Bhopal,Home & Kitchen,Water Bottle,5,11651,5,55342.25,Debit Card,Cancelled
ORD00262,2025-01-01,Meera Sharma,Bhopal,Electronics,Wireless Headphones,4,61027,10,219697.2,Net Banking,Cancelled
ORD00263,2024-08-15,Isha Yadav,Ahmedabad,Books,SQL for Beginners,1,1356,10,1220.4,Cash on Delivery,Completed
ORD00264,2025-01-15,Amit Malhotra,Chennai,Books,SQL for Beginners,1,942,20,753.6,UPI,Completed
ORD00265,2025-11-07,Neha Kumar,Bhopal,Beauty,Sunscreen,1,2260,10,2034.0,Credit Card,Completed
ORD00266,2024-08-14,Sneha Mehta,Indore,Books,Business Management,1,1278,5,1214.1,Debit Card,Completed
ORD00267,2025-09-07,Aditya Gupta,Indore,Books,Business Management,3,1370,5,3904.5,Debit Card,Cancelled
ORD00268,2024-07-16,Neha Patel,Bhopal,Beauty,Shampoo,1,1169,0,1169.0,UPI,Cancelled
ORD00269,2025-01-15,Ananya Gupta,Delhi,Electronics,Wireless Headphones,3,9688,10,26157.6,Credit Card,Completed
ORD00270,2024-11-26,Priya Gupta,Delhi,Electronics,Power Bank,2,21835,0,43670.0,Credit Card,Completed
ORD00271,2024-01-16,Kavya Mishra,Hyderabad,Clothing,Jeans,1,4295,0,4295.0,Debit Card,Cancelled
ORD00272,2025-12-16,Vikram Agarwal,Hyderabad,Clothing,Kurta,1,4000,0,4000.0,Credit Card,Cancelled
ORD00273,2024-01-31,Kavya Agarwal,Mumbai,Beauty,Shampoo,3,3438,15,8766.9,Debit Card,Returned
ORD00274,2024-03-16,Aditya Agarwal,Jaipur,Home & Kitchen,Cookware Set,2,2523,10,4541.4,Debit Card,Completed
ORD00275,2025-11-21,Arjun Malhotra,Ahmedabad,Electronics,Bluetooth Speaker,2,31234,15,53097.8,Credit Card,Cancelled
ORD00276,2025-12-11,Vivaan Mehta,Delhi,Home & Kitchen,Mixer Grinder,3,8844,20,21225.6,Cash on Delivery,Completed
ORD00277,2025-01-22,Arjun Jain,Ahmedabad,Books,Fiction Novel,1,1580,5,1501.0,Cash on Delivery,Completed
ORD00278,2024-12-03,Kunal Patel,Bhopal,Electronics,Power Bank,1,26626,15,22632.1,Debit Card,Cancelled
ORD00279,2024-09-20,Ananya Kumar,Bhopal,Clothing,Jeans,3,1795,15,4577.25,Cash on Delivery,Completed
ORD00280,2025-02-08,Rahul Sharma,Bhopal,Home & Kitchen,Coffee Maker,5,8972,10,40374.0,Cash on Delivery,Completed
ORD00281,2025-06-02,Kunal Verma,Pune,Books,Business Management,2,562,0,1124.0,Net Banking,Cancelled
ORD00282,2024-11-24,Kunal Shah,Hyderabad,Beauty,Moisturizer,1,2791,0,2791.0,Credit Card,Completed
ORD00283,2024-07-18,Priya Singh,Jaipur,Electronics,Smartwatch,2,3243,5,6161.7,UPI,Completed
ORD00284,2024-08-26,Arjun Soni,Indore,Clothing,Jeans,2,2171,5,4124.9,Net Banking,Completed
ORD00285,2025-01-23,Rohan Agarwal,Ahmedabad,Clothing,Jeans,3,2015,15,5138.25,Credit Card,Completed
ORD00286,2025-06-05,Kavya Agarwal,Jaipur,Books,SQL for Beginners,5,894,15,3799.5,Net Banking,Completed
ORD00287,2025-04-24,Sahil Verma,Bhopal,Electronics,Smartwatch,5,64631,5,306997.25,UPI,Cancelled
ORD00288,2025-12-15,Kavya Mishra,Pune,Books,Business Management,4,356,5,1352.8,Cash on Delivery,Completed
ORD00289,2024-07-16,Sahil Singh,Jaipur,Books,Data Analytics,5,277,0,1385.0,Cash on Delivery,Returned
ORD00290,2024-02-06,Kunal Agarwal,Bhopal,Home & Kitchen,Bedsheet,3,5772,10,15584.4,Net Banking,Completed
ORD00291,2025-07-26,Aditi Jain,Pune,Books,Data Analytics,3,1271,0,3813.0,Cash on Delivery,Completed
ORD00292,2024-08-19,Aditya Soni,Delhi,Beauty,Face Wash,3,1235,10,3334.5,UPI,Returned
ORD00293,2025-08-18,Amit Mehta,Indore,Beauty,Face Wash,2,2193,0,4386.0,UPI,Completed
ORD00294,2024-07-07,Rohan Verma,Bhopal,Home & Kitchen,Coffee Maker,4,4978,20,15929.6,Credit Card,Completed
ORD00295,2025-12-30,Kunal Yadav,Chennai,Electronics,Bluetooth Speaker,3,29162,15,74363.1,Debit Card,Completed
ORD00296,2025-04-23,Sahil Agarwal,Ahmedabad,Beauty,Shampoo,5,2149,20,8596.0,Credit Card,Completed
ORD00297,2024-07-03,Neha Jain,Pune,Clothing,Jeans,4,1815,20,5808.0,Net Banking,Completed
ORD00298,2025-08-06,Aarav Verma,Ahmedabad,Electronics,Bluetooth Speaker,4,7293,0,29172.0,Cash on Delivery,Cancelled
ORD00299,2024-08-04,Sahil Patel,Jaipur,Home & Kitchen,Water Bottle,5,4609,10,20740.5,UPI,Completed
ORD00300,2024-08-28,Rohan Joshi,Mumbai,Clothing,Jacket,2,1306,15,2220.2,Credit Card,Completed
ORD00301,2025-01-16,Sneha Agarwal,Bhopal,Books,Data Analytics,1,625,5,593.75,Cash on Delivery,Returned
ORD00302,2024-01-14,Vivaan Yadav,Indore,Books,Python Programming,3,1778,10,4800.6,Debit Card,Completed
ORD00303,2025-04-04,Isha Agarwal,Ahmedabad,Electronics,Wireless Headphones,1,33343,10,30008.7,Net Banking,Completed
ORD00304,2024-04-23,Meera Shah,Jaipur,Books,Data Analytics,5,1089,5,5172.75,Net Banking,Completed
ORD00305,2024-03-09,Aarav Patel,Pune,Home & Kitchen,Cookware Set,5,8534,15,36269.5,Cash on Delivery,Cancelled
ORD00306,2024-06-05,Arjun Gupta,Mumbai,Books,SQL for Beginners,2,1333,15,2266.1,Net Banking,Completed
ORD00307,2025-11-23,Vivaan Yadav,Mumbai,Books,SQL for Beginners,4,1728,20,5529.6,Net Banking,Completed
ORD00308,2024-08-01,Sahil Soni,Bengaluru,Home & Kitchen,Coffee Maker,3,9502,10,25655.4,Net Banking,Returned
ORD00309,2024-07-28,Meera Verma,Delhi,Books,Fiction Novel,2,1419,0,2838.0,UPI,Completed
ORD00310,2025-06-28,Sahil Joshi,Indore,Books,Fiction Novel,5,307,10,1381.5,Credit Card,Completed
ORD00311,2025-02-27,Kunal Singh,Bhopal,Clothing,Kurta,1,1012,20,809.6,Credit Card,Completed
ORD00312,2025-02-09,Aditya Agarwal,Bengaluru,Beauty,Shampoo,3,2955,5,8421.75,Net Banking,Completed
ORD00313,2024-02-18,Neha Verma,Ahmedabad,Clothing,T-Shirt,3,4762,0,14286.0,Cash on Delivery,Cancelled
ORD00314,2024-12-09,Vivaan Gupta,Bengaluru,Beauty,Face Wash,1,2638,5,2506.1,Net Banking,Completed
ORD00315,2025-08-29,Riya Shah,Ahmedabad,Clothing,Sneakers,1,4490,10,4041.0,UPI,Completed
ORD00316,2024-02-14,Riya Verma,Mumbai,Home & Kitchen,Mixer Grinder,4,9229,10,33224.4,Credit Card,Completed
ORD00317,2024-04-19,Vikram Gupta,Jaipur,Clothing,Jacket,4,3922,0,15688.0,Cash on Delivery,Completed
ORD00318,2025-02-20,Aditya Jain,Indore,Books,Data Analytics,4,580,0,2320.0,UPI,Completed
ORD00319,2025-03-08,Arjun Malhotra,Mumbai,Clothing,Sneakers,2,1943,20,3108.8,Net Banking,Returned
ORD00320,2025-01-02,Aarav Gupta,Bhopal,Clothing,Jacket,3,4959,0,14877.0,Credit Card,Completed
ORD00321,2024-06-29,Rahul Agarwal,Bengaluru,Books,Data Analytics,4,823,5,3127.4,Debit Card,Cancelled
ORD00322,2024-05-23,Kunal Mehta,Bengaluru,Clothing,Kurta,5,3536,10,15912.0,Cash on Delivery,Completed
ORD00323,2024-03-31,Amit Singh,Indore,Clothing,T-Shirt,5,1030,15,4377.5,UPI,Cancelled
ORD00324,2025-09-09,Vivaan Patel,Hyderabad,Books,Fiction Novel,5,309,15,1313.25,Credit Card,Cancelled
ORD00325,2025-11-29,Riya Yadav,Indore,Electronics,Smartwatch,5,38391,0,191955.0,Debit Card,Completed
ORD00326,2025-05-19,Vikram Yadav,Bengaluru,Books,Data Analytics,4,456,5,1732.8,Credit Card,Completed
ORD00327,2025-04-24,Vivaan Sharma,Hyderabad,Beauty,Moisturizer,3,2151,5,6130.35,Net Banking,Completed
ORD00328,2024-03-17,Kavya Agarwal,Delhi,Books,Python Programming,4,1169,0,4676.0,Cash on Delivery,Completed
ORD00329,2025-06-19,Aditi Yadav,Jaipur,Beauty,Sunscreen,2,970,0,1940.0,Cash on Delivery,Completed
ORD00330,2024-09-27,Aditi Gupta,Bengaluru,Home & Kitchen,Water Bottle,2,10096,15,17163.2,Credit Card,Completed
ORD00331,2025-01-03,Kavya Patel,Ahmedabad,Clothing,T-Shirt,2,1138,5,2162.2,Credit Card,Returned
ORD00332,2025-02-22,Kunal Sharma,Bhopal,Electronics,Smartphone,5,55703,20,222812.0,Cash on Delivery,Completed
ORD00333,2025-01-16,Arjun Jain,Ahmedabad,Beauty,Sunscreen,1,3121,15,2652.85,Debit Card,Completed
ORD00334,2024-12-29,Meera Yadav,Jaipur,Clothing,Sneakers,3,555,20,1332.0,Net Banking,Completed
ORD00335,2024-12-03,Aditi Malhotra,Hyderabad,Beauty,Face Wash,4,2337,20,7478.4,Debit Card,Returned
ORD00336,2025-10-29,Vivaan Yadav,Bengaluru,Electronics,Smartphone,2,21091,5,40072.9,Cash on Delivery,Completed
ORD00337,2024-04-20,Amit Mehta,Ahmedabad,Clothing,T-Shirt,5,3949,10,17770.5,Cash on Delivery,Completed
ORD00338,2025-01-19,Meera Singh,Indore,Beauty,Sunscreen,4,1920,15,6528.0,UPI,Returned
ORD00339,2025-01-05,Arjun Agarwal,Indore,Beauty,Moisturizer,1,1906,5,1810.7,Debit Card,Completed
ORD00340,2025-03-25,Rahul Patel,Mumbai,Clothing,Kurta,3,2126,0,6378.0,Cash on Delivery,Completed
ORD00341,2025-05-20,Rahul Shah,Ahmedabad,Home & Kitchen,Cookware Set,1,11415,10,10273.5,UPI,Completed
ORD00342,2024-06-30,Sahil Soni,Bengaluru,Clothing,Jeans,1,3241,15,2754.85,Net Banking,Completed
ORD00343,2024-01-12,Sahil Sharma,Hyderabad,Clothing,Jeans,4,2509,5,9534.2,Debit Card,Completed
ORD00344,2025-11-09,Meera Kumar,Bhopal,Books,Data Analytics,3,1314,20,3153.6,UPI,Returned
ORD00345,2024-11-21,Rohan Mishra,Jaipur,Clothing,T-Shirt,2,3721,15,6325.7,Credit Card,Completed
ORD00346,2025-09-22,Sahil Verma,Bhopal,Electronics,Smartphone,3,55656,15,141922.8,Cash on Delivery,Completed
ORD00347,2024-10-27,Sahil Verma,Jaipur,Books,Fiction Novel,2,1109,10,1996.2,Net Banking,Completed
ORD00348,2025-07-28,Kavya Shah,Hyderabad,Home & Kitchen,Bedsheet,1,5706,5,5420.7,UPI,Completed
ORD00349,2024-12-26,Pooja Mishra,Delhi,Clothing,Kurta,3,1832,0,5496.0,UPI,Completed
ORD00350,2025-03-02,Meera Soni,Ahmedabad,Beauty,Moisturizer,5,1390,5,6602.5,Cash on Delivery,Completed
ORD00351,2024-03-01,Isha Mehta,Bengaluru,Electronics,Bluetooth Speaker,2,22729,20,36366.4,Debit Card,Cancelled
ORD00352,2024-07-01,Priya Yadav,Jaipur,Beauty,Moisturizer,3,2249,5,6409.65,Credit Card,Completed
ORD00353,2025-10-05,Meera Agarwal,Mumbai,Books,Business Management,5,623,20,2492.0,Net Banking,Returned
ORD00354,2024-10-14,Neha Patel,Chennai,Books,SQL for Beginners,5,872,20,3488.0,UPI,Completed
ORD00355,2025-09-05,Rahul Kumar,Hyderabad,Beauty,Sunscreen,3,983,5,2801.55,Credit Card,Returned
ORD00356,2025-06-23,Rahul Patel,Bengaluru,Clothing,Jacket,3,4106,0,12318.0,Credit Card,Completed
ORD00357,2024-12-31,Aditi Jain,Bhopal,Clothing,Sneakers,2,2690,5,5111.0,Debit Card,Cancelled
ORD00358,2024-03-04,Isha Sharma,Bengaluru,Beauty,Perfume,2,1137,0,2274.0,Net Banking,Completed
ORD00359,2025-11-23,Amit Singh,Mumbai,Books,Business Management,4,977,0,3908.0,Credit Card,Completed
ORD00360,2025-11-19,Sneha Shah,Mumbai,Beauty,Shampoo,5,2015,0,10075.0,Cash on Delivery,Returned
ORD00361,2024-12-07,Neha Shah,Bengaluru,Beauty,Perfume,1,2556,0,2556.0,Cash on Delivery,Completed
ORD00362,2025-08-26,Arjun Mehta,Bhopal,Clothing,Jeans,4,4871,5,18509.8,UPI,Returned
ORD00363,2025-01-08,Kunal Shah,Ahmedabad,Beauty,Shampoo,3,2058,10,5556.6,Cash on Delivery,Completed
ORD00364,2024-04-26,Vikram Jain,Mumbai,Clothing,Sneakers,1,3807,0,3807.0,Debit Card,Returned
ORD00365,2024-12-01,Isha Gupta,Chennai,Beauty,Face Wash,1,1134,10,1020.6,UPI,Completed
ORD00366,2024-06-04,Isha Verma,Chennai,Home & Kitchen,Coffee Maker,3,3831,0,11493.0,Cash on Delivery,Completed
ORD00367,2024-06-13,Arjun Singh,Indore,Home & Kitchen,Bedsheet,4,6115,20,19568.0,Net Banking,Completed
ORD00368,2025-01-18,Vivaan Mehta,Hyderabad,Beauty,Face Wash,5,1903,15,8087.75,Debit Card,Completed
ORD00369,2025-11-20,Kavya Soni,Bengaluru,Home & Kitchen,Bedsheet,4,3994,10,14378.4,Debit Card,Completed
ORD00370,2024-04-22,Meera Mishra,Indore,Books,SQL for Beginners,5,1479,20,5916.0,Credit Card,Cancelled
ORD00371,2024-03-26,Neha Joshi,Chennai,Books,Python Programming,3,1044,10,2818.8,UPI,Completed
ORD00372,2025-02-26,Amit Gupta,Ahmedabad,Books,Python Programming,2,1298,10,2336.4,Debit Card,Completed
ORD00373,2025-02-27,Isha Verma,Bengaluru,Home & Kitchen,Water Bottle,3,11864,0,35592.0,Net Banking,Returned
ORD00374,2024-11-25,Neha Agarwal,Bengaluru,Clothing,Jacket,4,4991,0,19964.0,Net Banking,Completed
ORD00375,2024-02-02,Priya Gupta,Delhi,Clothing,Jeans,3,4067,0,12201.0,Cash on Delivery,Completed
ORD00376,2024-07-04,Aarav Jain,Pune,Books,Data Analytics,1,652,10,586.8,UPI,Returned
ORD00377,2025-06-23,Neha Yadav,Indore,Books,Python Programming,4,1758,20,5625.6,Debit Card,Completed
ORD00378,2024-05-27,Meera Shah,Jaipur,Clothing,Kurta,4,1420,10,5112.0,Net Banking,Cancelled
ORD00379,2025-07-28,Sneha Joshi,Mumbai,Clothing,Sneakers,3,2804,0,8412.0,Debit Card,Completed
ORD00380,2024-02-25,Rahul Agarwal,Chennai,Home & Kitchen,Bedsheet,2,10665,0,21330.0,Net Banking,Completed
ORD00381,2025-11-16,Rohan Jain,Pune,Books,Python Programming,2,1057,5,2008.3,Net Banking,Returned
ORD00382,2025-01-17,Isha Sharma,Bhopal,Home & Kitchen,Mixer Grinder,3,8303,5,23663.55,Debit Card,Completed
ORD00383,2025-03-29,Meera Jain,Jaipur,Beauty,Face Wash,4,367,15,1247.8,Debit Card,Completed
ORD00384,2024-08-29,Rahul Soni,Bengaluru,Electronics,Bluetooth Speaker,1,57336,10,51602.4,Debit Card,Completed
ORD00385,2024-06-10,Arjun Verma,Pune,Electronics,Wireless Headphones,2,36043,5,68481.7,UPI,Completed
ORD00386,2025-04-16,Aditya Yadav,Hyderabad,Beauty,Shampoo,1,2101,15,1785.85,Debit Card,Returned
ORD00387,2024-10-07,Amit Malhotra,Pune,Books,SQL for Beginners,3,1100,0,3300.0,Cash on Delivery,Completed
ORD00388,2024-10-24,Sneha Shah,Ahmedabad,Electronics,Bluetooth Speaker,2,43580,0,87160.0,Credit Card,Completed
ORD00389,2024-04-23,Riya Patel,Jaipur,Books,Business Management,3,389,5,1108.65,Credit Card,Completed
ORD00390,2024-03-29,Aarav Gupta,Hyderabad,Beauty,Sunscreen,4,3089,0,12356.0,Net Banking,Completed
ORD00391,2025-03-09,Rohan Yadav,Bengaluru,Electronics,Bluetooth Speaker,3,38517,10,103995.9,Credit Card,Returned
ORD00392,2025-10-29,Riya Soni,Delhi,Home & Kitchen,Bedsheet,4,8932,0,35728.0,Net Banking,Completed
ORD00393,2024-11-01,Meera Singh,Bhopal,Electronics,Smartwatch,1,53096,15,45131.6,Credit Card,Completed
ORD00394,2024-12-08,Sneha Joshi,Ahmedabad,Books,SQL for Beginners,5,1442,0,7210.0,Net Banking,Completed
ORD00395,2025-08-05,Neha Patel,Hyderabad,Electronics,Smartphone,3,1459,0,4377.0,Cash on Delivery,Returned
ORD00396,2024-04-25,Aditi Verma,Bengaluru,Electronics,Power Bank,2,60302,5,114573.8,Cash on Delivery,Completed
ORD00397,2025-08-21,Arjun Joshi,Bhopal,Clothing,Jacket,2,1601,10,2881.8,Net Banking,Cancelled
ORD00398,2025-06-08,Isha Joshi,Hyderabad,Books,Python Programming,5,645,0,3225.0,UPI,Completed
ORD00399,2025-07-31,Sahil Sharma,Ahmedabad,Books,Python Programming,5,529,15,2248.25,Cash on Delivery,Completed
ORD00400,2025-09-15,Ananya Soni,Ahmedabad,Clothing,Kurta,3,2575,5,7338.75,Net Banking,Completed
ORD00401,2025-07-19,Priya Mehta,Hyderabad,Books,Fiction Novel,3,311,5,886.35,Debit Card,Completed
ORD00402,2024-11-23,Vivaan Agarwal,Hyderabad,Electronics,Smartphone,4,17295,15,58803.0,Debit Card,Completed
ORD00403,2024-10-14,Kavya Malhotra,Mumbai,Beauty,Perfume,2,1012,5,1922.8,Net Banking,Completed
ORD00404,2024-01-04,Aditi Patel,Hyderabad,Home & Kitchen,Mixer Grinder,2,4857,20,7771.2,Net Banking,Completed
ORD00405,2025-05-30,Amit Sharma,Chennai,Home & Kitchen,Bedsheet,2,2992,0,5984.0,Net Banking,Returned
ORD00406,2024-11-20,Arjun Mehta,Pune,Electronics,Smartphone,4,58435,15,198679.0,Credit Card,Cancelled
ORD00407,2025-10-09,Arjun Jain,Pune,Clothing,Kurta,2,3531,5,6708.9,UPI,Cancelled
ORD00408,2025-09-07,Kavya Joshi,Delhi,Books,SQL for Beginners,4,1187,0,4748.0,Debit Card,Completed
ORD00409,2024-11-21,Meera Jain,Ahmedabad,Clothing,Jacket,1,1157,0,1157.0,Debit Card,Completed
ORD00410,2025-01-28,Isha Sharma,Chennai,Electronics,Wireless Headphones,3,21064,20,50553.6,UPI,Returned
ORD00411,2024-06-11,Neha Kumar,Delhi,Electronics,Smartwatch,1,39984,5,37984.8,UPI,Completed
ORD00412,2025-06-28,Kavya Mishra,Bengaluru,Books,Python Programming,4,528,10,1900.8,Net Banking,Returned
ORD00413,2024-02-04,Arjun Soni,Delhi,Clothing,Kurta,1,2195,20,1756.0,UPI,Completed
ORD00414,2025-05-30,Rohan Patel,Chennai,Clothing,Sneakers,1,4784,20,3827.2,Credit Card,Completed
ORD00415,2024-08-08,Aditi Gupta,Hyderabad,Electronics,Power Bank,4,42265,5,160607.0,Credit Card,Completed
ORD00416,2025-08-15,Neha Sharma,Delhi,Books,Data Analytics,3,455,15,1160.25,Cash on Delivery,Completed
ORD00417,2024-05-20,Pooja Gupta,Delhi,Books,SQL for Beginners,5,299,15,1270.75,Debit Card,Completed
ORD00418,2025-05-20,Neha Yadav,Indore,Electronics,Power Bank,5,8704,0,43520.0,Credit Card,Cancelled
ORD00419,2024-08-09,Aditi Mishra,Bengaluru,Home & Kitchen,Bedsheet,3,9389,0,28167.0,UPI,Completed
ORD00420,2024-04-17,Vivaan Gupta,Jaipur,Beauty,Face Wash,5,469,15,1993.25,Credit Card,Completed
ORD00421,2024-08-30,Arjun Mehta,Indore,Clothing,T-Shirt,2,4113,10,7403.4,UPI,Returned
ORD00422,2024-02-09,Pooja Jain,Chennai,Electronics,Power Bank,2,50617,0,101234.0,UPI,Completed
ORD00423,2025-12-21,Rahul Verma,Hyderabad,Electronics,Power Bank,1,12824,5,12182.8,Net Banking,Completed
ORD00424,2025-05-24,Sneha Shah,Indore,Books,Data Analytics,4,1587,5,6030.6,UPI,Completed
ORD00425,2024-02-28,Kavya Singh,Ahmedabad,Books,Fiction Novel,5,241,20,964.0,Net Banking,Completed
ORD00426,2024-12-21,Aditya Mehta,Hyderabad,Beauty,Face Wash,2,1046,10,1882.8,Credit Card,Completed
ORD00427,2025-07-09,Rohan Mehta,Mumbai,Books,Python Programming,3,1110,10,2997.0,Cash on Delivery,Cancelled
ORD00428,2024-06-03,Priya Shah,Bhopal,Beauty,Perfume,5,1008,0,5040.0,Cash on Delivery,Completed
ORD00429,2025-06-29,Arjun Yadav,Delhi,Books,Python Programming,5,1277,20,5108.0,Credit Card,Completed
ORD00430,2024-07-29,Rohan Verma,Hyderabad,Electronics,Smartwatch,2,54439,15,92546.3,UPI,Completed
ORD00431,2024-11-16,Sneha Yadav,Delhi,Books,Fiction Novel,3,753,0,2259.0,UPI,Completed
ORD00432,2024-06-26,Vivaan Shah,Mumbai,Home & Kitchen,Coffee Maker,1,5547,5,5269.65,Net Banking,Completed
ORD00433,2025-02-10,Pooja Mehta,Delhi,Books,Fiction Novel,4,411,20,1315.2,Credit Card,Completed
ORD00434,2025-11-23,Riya Gupta,Pune,Beauty,Perfume,3,1594,5,4542.9,Net Banking,Completed
ORD00435,2024-02-27,Vivaan Verma,Bhopal,Clothing,Kurta,5,1659,0,8295.0,Net Banking,Completed
ORD00436,2024-09-08,Sahil Mishra,Ahmedabad,Electronics,Wireless Headphones,2,4805,15,8168.5,Credit Card,Completed
ORD00437,2025-08-21,Kunal Mehta,Bhopal,Beauty,Sunscreen,1,2538,10,2284.2,Debit Card,Completed
ORD00438,2024-03-15,Kunal Malhotra,Indore,Home & Kitchen,Mixer Grinder,1,5851,5,5558.45,UPI,Completed
ORD00439,2024-09-14,Aarav Joshi,Hyderabad,Beauty,Perfume,1,1658,10,1492.2,Net Banking,Cancelled
ORD00440,2025-09-21,Sahil Singh,Pune,Home & Kitchen,Cookware Set,3,4630,10,12501.0,UPI,Completed
ORD00441,2024-02-04,Sahil Gupta,Ahmedabad,Electronics,Smartwatch,3,17156,5,48894.6,UPI,Completed
ORD00442,2025-07-27,Aditi Gupta,Hyderabad,Electronics,Bluetooth Speaker,1,8168,10,7351.2,Debit Card,Completed
ORD00443,2024-01-10,Arjun Agarwal,Ahmedabad,Home & Kitchen,Mixer Grinder,5,1301,5,6179.75,Debit Card,Cancelled
ORD00444,2025-10-09,Meera Mehta,Bengaluru,Books,SQL for Beginners,4,850,20,2720.0,Debit Card,Completed
ORD00445,2024-09-13,Sahil Gupta,Mumbai,Electronics,Smartwatch,4,2384,0,9536.0,Debit Card,Completed
ORD00446,2024-05-20,Rohan Soni,Bhopal,Beauty,Sunscreen,3,1465,0,4395.0,Net Banking,Completed
ORD00447,2024-01-24,Meera Agarwal,Bengaluru,Home & Kitchen,Bedsheet,1,9354,20,7483.2,UPI,Returned
ORD00448,2025-02-15,Kunal Singh,Hyderabad,Electronics,Wireless Headphones,3,19962,10,53897.4,UPI,Cancelled
ORD00449,2024-08-29,Arjun Kumar,Bengaluru,Beauty,Shampoo,2,1272,15,2162.4,Net Banking,Completed
ORD00450,2024-01-09,Aditya Kumar,Bhopal,Books,Python Programming,3,258,20,619.2,Credit Card,Completed
ORD00451,2024-07-28,Priya Sharma,Bhopal,Books,Data Analytics,4,675,0,2700.0,Cash on Delivery,Completed
ORD00452,2025-01-16,Aditi Shah,Pune,Beauty,Perfume,2,3301,20,5281.6,UPI,Completed
ORD00453,2025-11-07,Amit Yadav,Jaipur,Beauty,Face Wash,2,2656,20,4249.6,UPI,Cancelled
ORD00454,2024-12-29,Neha Shah,Ahmedabad,Electronics,Wireless Headphones,4,55450,10,199620.0,UPI,Returned
ORD00455,2025-04-25,Vikram Shah,Ahmedabad,Beauty,Sunscreen,2,577,15,980.9,UPI,Completed
ORD00456,2025-06-06,Vivaan Shah,Indore,Home & Kitchen,Cookware Set,2,5390,15,9163.0,UPI,Returned
ORD00457,2025-01-20,Sahil Kumar,Hyderabad,Clothing,Kurta,2,904,5,1717.6,UPI,Returned
ORD00458,2024-11-23,Pooja Jain,Delhi,Beauty,Perfume,5,3179,20,12716.0,Net Banking,Completed
ORD00459,2024-07-11,Sneha Gupta,Chennai,Electronics,Bluetooth Speaker,3,21426,5,61064.1,UPI,Completed
ORD00460,2024-07-11,Amit Verma,Mumbai,Electronics,Smartwatch,5,10256,15,43588.0,Cash on Delivery,Cancelled
ORD00461,2025-07-25,Meera Mehta,Delhi,Electronics,Power Bank,4,763,15,2594.2,Cash on Delivery,Completed
ORD00462,2024-10-09,Aarav Verma,Delhi,Beauty,Face Wash,4,1383,0,5532.0,Net Banking,Cancelled
ORD00463,2024-11-16,Vivaan Joshi,Bengaluru,Electronics,Power Bank,2,20070,20,32112.0,Debit Card,Cancelled
ORD00464,2024-05-06,Vikram Kumar,Ahmedabad,Home & Kitchen,Cookware Set,3,9737,20,23368.8,Credit Card,Completed
ORD00465,2025-07-01,Kunal Yadav,Delhi,Clothing,Jacket,1,4557,0,4557.0,Net Banking,Completed
ORD00466,2025-01-21,Rahul Joshi,Hyderabad,Books,Business Management,3,203,20,487.2,Credit Card,Completed
ORD00467,2024-10-29,Rahul Yadav,Ahmedabad,Home & Kitchen,Water Bottle,4,4886,20,15635.2,Debit Card,Completed
ORD00468,2025-03-22,Priya Malhotra,Hyderabad,Electronics,Power Bank,4,2608,20,8345.6,Debit Card,Completed
ORD00469,2025-07-05,Priya Yadav,Ahmedabad,Home & Kitchen,Water Bottle,1,11663,20,9330.4,Net Banking,Returned
ORD00470,2025-03-10,Ananya Mishra,Mumbai,Electronics,Wireless Headphones,4,34643,0,138572.0,Net Banking,Completed
ORD00471,2024-02-05,Neha Verma,Ahmedabad,Beauty,Moisturizer,5,1824,10,8208.0,UPI,Completed
ORD00472,2025-08-15,Arjun Joshi,Bhopal,Home & Kitchen,Mixer Grinder,4,7410,10,26676.0,Credit Card,Completed
ORD00473,2024-12-09,Isha Mehta,Pune,Clothing,Kurta,3,2455,15,6260.25,Debit Card,Returned
ORD00474,2024-04-17,Aditya Singh,Bengaluru,Beauty,Face Wash,5,1164,5,5529.0,Credit Card,Completed
ORD00475,2025-06-03,Pooja Shah,Hyderabad,Electronics,Power Bank,3,60231,10,162623.7,Debit Card,Completed
ORD00476,2025-02-16,Arjun Gupta,Jaipur,Beauty,Sunscreen,5,302,10,1359.0,Credit Card,Completed
ORD00477,2024-10-09,Sneha Patel,Bhopal,Electronics,Power Bank,2,20443,10,36797.4,Cash on Delivery,Completed
ORD00478,2025-03-06,Isha Patel,Chennai,Clothing,Sneakers,1,3922,10,3529.8,Credit Card,Returned
ORD00479,2025-08-09,Sneha Kumar,Indore,Beauty,Sunscreen,1,1200,10,1080.0,Credit Card,Completed
ORD00480,2024-08-15,Vivaan Singh,Ahmedabad,Beauty,Moisturizer,1,2663,20,2130.4,Credit Card,Completed
ORD00481,2024-01-03,Rohan Verma,Bengaluru,Books,Python Programming,1,904,15,768.4,UPI,Completed
ORD00482,2024-01-12,Arjun Singh,Jaipur,Clothing,Sneakers,2,3417,15,5808.9,Cash on Delivery,Completed
ORD00483,2025-03-29,Vikram Kumar,Delhi,Home & Kitchen,Bedsheet,2,4050,10,7290.0,Credit Card,Cancelled
ORD00484,2025-10-29,Meera Jain,Hyderabad,Home & Kitchen,Mixer Grinder,4,9374,15,31871.6,UPI,Completed
ORD00485,2024-02-15,Kavya Malhotra,Bengaluru,Clothing,T-Shirt,3,3959,5,11283.15,Cash on Delivery,Completed
ORD00486,2025-04-25,Meera Shah,Bhopal,Clothing,Jeans,3,1672,20,4012.8,Debit Card,Completed
ORD00487,2024-08-05,Rohan Kumar,Ahmedabad,Books,Business Management,2,888,15,1509.6,Credit Card,Returned
ORD00488,2025-05-07,Rahul Agarwal,Jaipur,Clothing,Jacket,2,781,10,1405.8,Debit Card,Completed
ORD00489,2024-11-02,Pooja Soni,Mumbai,Clothing,Jeans,3,1531,5,4363.35,Credit Card,Completed
ORD00490,2024-01-27,Amit Verma,Mumbai,Electronics,Smartwatch,3,57484,5,163829.4,Cash on Delivery,Cancelled
ORD00491,2025-06-22,Amit Gupta,Indore,Books,Fiction Novel,5,1603,0,8015.0,UPI,Returned
ORD00492,2025-03-18,Sahil Verma,Hyderabad,Home & Kitchen,Bedsheet,1,7257,20,5805.6,Credit Card,Completed
ORD00493,2024-11-05,Rahul Joshi,Delhi,Books,SQL for Beginners,4,580,20,1856.0,Credit Card,Completed
ORD00494,2025-12-21,Aarav Sharma,Hyderabad,Electronics,Bluetooth Speaker,3,48636,10,131317.2,Debit Card,Completed
ORD00495,2025-09-25,Neha Gupta,Bhopal,Electronics,Wireless Headphones,2,43786,15,74436.2,Net Banking,Returned
ORD00496,2025-08-14,Kavya Soni,Ahmedabad,Beauty,Moisturizer,5,1583,20,6332.0,Debit Card,Completed
ORD00497,2025-08-06,Aditi Shah,Jaipur,Electronics,Power Bank,4,55421,15,188431.4,Cash on Delivery,Completed
ORD00498,2025-04-26,Isha Verma,Bengaluru,Clothing,Jacket,4,4706,10,16941.6,Cash on Delivery,Completed
ORD00499,2024-06-03,Rahul Singh,Pune,Books,Fiction Novel,3,1470,15,3748.5,UPI,Completed
ORD00500,2025-07-11,Ananya Sharma,Mumbai,Beauty,Sunscreen,1,3048,20,2438.4,Debit Card,Completed
ORD00501,2024-09-07,Isha Shah,Pune,Beauty,Face Wash,4,1759,5,6684.2,Credit Card,Completed
ORD00502,2024-08-16,Pooja Singh,Delhi,Clothing,T-Shirt,1,4945,0,4945.0,Cash on Delivery,Completed
ORD00503,2025-11-17,Meera Shah,Mumbai,Home & Kitchen,Bedsheet,2,8045,15,13676.5,Cash on Delivery,Completed
ORD00504,2025-08-13,Meera Shah,Chennai,Books,Business Management,4,1327,0,5308.0,UPI,Returned
ORD00505,2025-11-08,Sahil Mishra,Bhopal,Books,SQL for Beginners,2,770,15,1309.0,Cash on Delivery,Completed
ORD00506,2025-08-26,Kunal Joshi,Bhopal,Electronics,Smartwatch,4,1562,0,6248.0,UPI,Completed
ORD00507,2024-01-12,Ananya Joshi,Delhi,Electronics,Power Bank,3,50748,0,152244.0,Credit Card,Completed
ORD00508,2025-03-26,Arjun Gupta,Ahmedabad,Clothing,Jacket,1,1124,15,955.4,Credit Card,Cancelled
ORD00509,2024-10-11,Meera Patel,Ahmedabad,Beauty,Moisturizer,5,1650,5,7837.5,Debit Card,Completed
ORD00510,2025-02-10,Neha Mishra,Indore,Clothing,T-Shirt,5,3935,10,17707.5,Debit Card,Cancelled
ORD00511,2024-12-13,Rohan Gupta,Pune,Clothing,Jacket,1,4094,15,3479.9,Net Banking,Cancelled
ORD00512,2025-07-09,Sahil Gupta,Chennai,Home & Kitchen,Cookware Set,2,8635,0,17270.0,Debit Card,Completed
ORD00513,2025-01-06,Riya Joshi,Mumbai,Clothing,Sneakers,3,724,20,1737.6,Net Banking,Completed
ORD00514,2025-09-09,Rahul Verma,Mumbai,Books,Data Analytics,2,644,5,1223.6,Debit Card,Completed
ORD00515,2024-12-09,Amit Mishra,Jaipur,Clothing,Jeans,1,3491,0,3491.0,UPI,Returned
ORD00516,2024-04-30,Kunal Singh,Hyderabad,Books,SQL for Beginners,5,1102,5,5234.5,Net Banking,Completed
ORD00517,2024-10-27,Meera Singh,Delhi,Electronics,Smartphone,1,7870,15,6689.5,UPI,Completed
ORD00518,2025-10-03,Aarav Mishra,Pune,Beauty,Face Wash,3,1769,15,4510.95,Credit Card,Returned
ORD00519,2024-04-13,Aditi Malhotra,Jaipur,Clothing,T-Shirt,1,4219,10,3797.1,Net Banking,Completed
ORD00520,2025-09-28,Ananya Mishra,Bhopal,Home & Kitchen,Bedsheet,5,8987,10,40441.5,Debit Card,Completed
ORD00521,2025-05-03,Isha Mishra,Indore,Home & Kitchen,Mixer Grinder,4,6505,10,23418.0,Cash on Delivery,Completed
ORD00522,2024-07-25,Ananya Yadav,Mumbai,Beauty,Moisturizer,5,2893,20,11572.0,Debit Card,Completed
ORD00523,2024-06-08,Vikram Shah,Jaipur,Electronics,Smartphone,5,35733,10,160798.5,Cash on Delivery,Completed
ORD00524,2024-03-13,Pooja Sharma,Bhopal,Clothing,Jeans,2,2976,20,4761.6,UPI,Returned
ORD00525,2024-07-11,Kavya Mehta,Pune,Books,Data Analytics,2,1170,0,2340.0,Credit Card,Completed
ORD00526,2024-08-24,Sahil Agarwal,Hyderabad,Books,Data Analytics,1,497,0,497.0,Cash on Delivery,Completed
ORD00527,2024-11-06,Kunal Singh,Mumbai,Clothing,Kurta,4,4388,0,17552.0,Cash on Delivery,Completed
ORD00528,2025-05-02,Isha Verma,Bhopal,Beauty,Perfume,1,681,20,544.8,UPI,Completed
ORD00529,2024-03-06,Ananya Verma,Pune,Clothing,Jeans,1,4955,5,4707.25,Debit Card,Completed
ORD00530,2025-06-07,Vikram Verma,Bhopal,Electronics,Wireless Headphones,1,41149,10,37034.1,Debit Card,Completed
ORD00531,2024-03-04,Pooja Sharma,Bengaluru,Books,Python Programming,4,1747,5,6638.6,Debit Card,Completed
ORD00532,2024-02-16,Rahul Sharma,Ahmedabad,Home & Kitchen,Coffee Maker,2,5381,10,9685.8,Debit Card,Returned
ORD00533,2024-01-11,Ananya Jain,Hyderabad,Beauty,Sunscreen,4,1022,5,3883.6,UPI,Returned
ORD00534,2024-10-28,Kunal Verma,Delhi,Home & Kitchen,Bedsheet,1,3430,20,2744.0,Credit Card,Completed
ORD00535,2024-07-11,Vivaan Shah,Ahmedabad,Home & Kitchen,Mixer Grinder,4,2190,5,8322.0,UPI,Completed
ORD00536,2025-12-04,Aarav Jain,Indore,Beauty,Moisturizer,3,2890,10,7803.0,Credit Card,Cancelled
ORD00537,2025-11-22,Sneha Patel,Pune,Beauty,Shampoo,3,2838,5,8088.3,Net Banking,Cancelled
ORD00538,2024-06-03,Sahil Joshi,Bengaluru,Books,Business Management,5,768,15,3264.0,Cash on Delivery,Completed
ORD00539,2024-11-18,Neha Gupta,Bengaluru,Electronics,Smartphone,5,55151,20,220604.0,Net Banking,Cancelled
ORD00540,2024-09-01,Pooja Agarwal,Mumbai,Electronics,Power Bank,3,34339,5,97866.15,UPI,Cancelled
ORD00541,2025-09-12,Arjun Yadav,Bhopal,Home & Kitchen,Water Bottle,1,5548,5,5270.6,Credit Card,Completed
ORD00542,2024-11-23,Amit Jain,Bengaluru,Beauty,Face Wash,5,2696,0,13480.0,Credit Card,Completed
ORD00543,2024-10-13,Neha Gupta,Pune,Electronics,Power Bank,4,45402,15,154366.8,Net Banking,Completed
ORD00544,2024-02-12,Arjun Verma,Bhopal,Home & Kitchen,Water Bottle,1,5416,10,4874.4,Cash on Delivery,Completed
ORD00545,2025-11-04,Kunal Gupta,Delhi,Electronics,Smartphone,2,47592,20,76147.2,Debit Card,Completed
ORD00546,2024-11-14,Vivaan Yadav,Bhopal,Books,SQL for Beginners,1,1423,20,1138.4,UPI,Completed
ORD00547,2024-08-03,Rahul Mehta,Bengaluru,Clothing,Jeans,1,1936,10,1742.4,Net Banking,Completed
ORD00548,2025-03-06,Kunal Gupta,Ahmedabad,Home & Kitchen,Cookware Set,5,11556,15,49113.0,Debit Card,Completed
ORD00549,2024-07-14,Priya Mishra,Jaipur,Clothing,Jeans,5,3204,5,15219.0,Debit Card,Completed
ORD00550,2024-10-22,Kunal Shah,Mumbai,Beauty,Sunscreen,3,2185,20,5244.0,Debit Card,Returned
ORD00551,2025-06-17,Aarav Shah,Chennai,Books,SQL for Beginners,5,1026,15,4360.5,Net Banking,Completed
ORD00552,2025-07-07,Ananya Patel,Chennai,Home & Kitchen,Mixer Grinder,3,1761,20,4226.4,UPI,Cancelled
ORD00553,2024-07-05,Aarav Shah,Indore,Books,Python Programming,4,1018,10,3664.8,UPI,Completed
ORD00554,2024-12-10,Vikram Verma,Pune,Books,Business Management,3,1060,10,2862.0,Net Banking,Completed
ORD00555,2025-01-17,Vikram Soni,Hyderabad,Electronics,Wireless Headphones,1,5270,15,4479.5,Credit Card,Completed
ORD00556,2024-10-18,Amit Patel,Bengaluru,Beauty,Shampoo,4,3464,10,12470.4,Net Banking,Completed
ORD00557,2025-02-09,Rahul Yadav,Mumbai,Beauty,Sunscreen,2,2814,0,5628.0,Net Banking,Completed
ORD00558,2024-09-10,Neha Yadav,Pune,Beauty,Sunscreen,5,3114,15,13234.5,Debit Card,Returned
ORD00559,2024-02-28,Neha Verma,Pune,Beauty,Sunscreen,5,1853,5,8801.75,Net Banking,Returned
ORD00560,2025-05-05,Meera Soni,Bhopal,Home & Kitchen,Bedsheet,2,11182,20,17891.2,Cash on Delivery,Completed
ORD00561,2025-07-02,Vivaan Mishra,Delhi,Books,Python Programming,5,245,20,980.0,UPI,Cancelled
ORD00562,2024-07-09,Vikram Agarwal,Bhopal,Electronics,Bluetooth Speaker,2,49717,10,89490.6,Debit Card,Completed
ORD00563,2024-05-12,Vivaan Yadav,Mumbai,Electronics,Wireless Headphones,2,5276,10,9496.8,UPI,Cancelled
ORD00564,2025-12-04,Arjun Mishra,Bengaluru,Clothing,Jacket,2,4414,0,8828.0,Debit Card,Completed
ORD00565,2024-05-05,Neha Sharma,Pune,Books,Fiction Novel,3,1331,10,3593.7,Credit Card,Cancelled
ORD00566,2024-12-02,Ananya Joshi,Bengaluru,Beauty,Moisturizer,4,687,10,2473.2,Debit Card,Cancelled
ORD00567,2024-09-05,Sahil Mishra,Delhi,Home & Kitchen,Coffee Maker,2,2590,5,4921.0,UPI,Completed
ORD00568,2025-01-01,Ananya Sharma,Ahmedabad,Electronics,Bluetooth Speaker,5,44161,10,198724.5,Cash on Delivery,Completed
ORD00569,2025-01-08,Isha Soni,Mumbai,Home & Kitchen,Water Bottle,3,9858,15,25137.9,Debit Card,Completed
ORD00570,2025-05-27,Kavya Sharma,Jaipur,Beauty,Moisturizer,4,664,20,2124.8,UPI,Completed
ORD00571,2024-01-06,Ananya Jain,Ahmedabad,Beauty,Face Wash,5,2525,20,10100.0,Credit Card,Completed
ORD00572,2025-02-26,Aditya Sharma,Ahmedabad,Books,Business Management,5,1655,5,7861.25,Cash on Delivery,Completed
ORD00573,2024-10-21,Rohan Sharma,Delhi,Electronics,Wireless Headphones,1,5517,10,4965.3,Debit Card,Completed
ORD00574,2024-08-20,Ananya Gupta,Mumbai,Home & Kitchen,Water Bottle,4,3228,20,10329.6,Net Banking,Completed
ORD00575,2025-01-14,Amit Mehta,Jaipur,Clothing,T-Shirt,1,3952,0,3952.0,Net Banking,Completed
ORD00576,2024-01-15,Meera Gupta,Jaipur,Clothing,Sneakers,1,3250,15,2762.5,Net Banking,Completed
ORD00577,2025-02-06,Pooja Mehta,Mumbai,Home & Kitchen,Water Bottle,1,989,20,791.2,UPI,Completed
ORD00578,2025-10-01,Meera Singh,Pune,Books,Python Programming,5,1703,0,8515.0,UPI,Returned
ORD00579,2024-04-03,Rohan Sharma,Indore,Books,SQL for Beginners,5,1132,20,4528.0,UPI,Cancelled
ORD00580,2025-06-15,Rahul Mehta,Bengaluru,Home & Kitchen,Mixer Grinder,4,11909,20,38108.8,Debit Card,Cancelled
ORD00581,2025-05-19,Sneha Verma,Jaipur,Home & Kitchen,Mixer Grinder,4,907,5,3446.6,Cash on Delivery,Completed
ORD00582,2025-10-13,Sahil Joshi,Ahmedabad,Clothing,Sneakers,4,1516,15,5154.4,Cash on Delivery,Cancelled
ORD00583,2024-07-26,Amit Shah,Jaipur,Home & Kitchen,Mixer Grinder,4,2015,0,8060.0,UPI,Completed
ORD00584,2025-06-13,Arjun Malhotra,Jaipur,Home & Kitchen,Mixer Grinder,3,5281,0,15843.0,Credit Card,Completed
ORD00585,2025-10-30,Kavya Gupta,Bengaluru,Beauty,Moisturizer,2,2986,10,5374.8,Credit Card,Completed
ORD00586,2024-06-29,Isha Patel,Hyderabad,Electronics,Smartwatch,3,35293,10,95291.1,UPI,Completed
ORD00587,2025-08-05,Priya Patel,Chennai,Home & Kitchen,Cookware Set,3,2137,15,5449.35,Net Banking,Completed
ORD00588,2024-09-28,Rohan Agarwal,Jaipur,Electronics,Bluetooth Speaker,3,58909,5,167890.65,Net Banking,Completed
ORD00589,2025-07-19,Priya Sharma,Ahmedabad,Home & Kitchen,Coffee Maker,4,2062,20,6598.4,Debit Card,Returned
ORD00590,2024-06-24,Aarav Yadav,Delhi,Electronics,Smartphone,3,19197,15,48952.35,Credit Card,Completed
ORD00591,2024-08-12,Ananya Patel,Jaipur,Clothing,Jeans,3,1055,20,2532.0,Cash on Delivery,Cancelled
ORD00592,2024-08-13,Amit Agarwal,Delhi,Beauty,Face Wash,3,1497,5,4266.45,Credit Card,Completed
ORD00593,2024-11-30,Rohan Gupta,Hyderabad,Home & Kitchen,Mixer Grinder,1,10970,20,8776.0,Credit Card,Completed
ORD00594,2025-10-18,Aditi Agarwal,Hyderabad,Home & Kitchen,Coffee Maker,1,6964,15,5919.4,Credit Card,Completed
ORD00595,2024-11-03,Neha Patel,Hyderabad,Clothing,Jeans,4,1818,15,6181.2,Debit Card,Completed
ORD00596,2025-12-30,Sneha Joshi,Ahmedabad,Clothing,Jeans,1,1096,15,931.6,Cash on Delivery,Completed
ORD00597,2025-04-22,Pooja Gupta,Mumbai,Electronics,Smartwatch,1,42359,0,42359.0,Debit Card,Returned
ORD00598,2025-06-04,Meera Jain,Delhi,Clothing,Sneakers,5,2512,15,10676.0,Credit Card,Returned
ORD00599,2025-01-18,Kunal Agarwal,Jaipur,Books,Python Programming,1,1424,20,1139.2,Cash on Delivery,Completed
ORD00600,2024-06-08,Aditya Sharma,Jaipur,Beauty,Perfume,2,327,10,588.6,UPI,Cancelled
ORD00601,2024-10-17,Neha Jain,Chennai,Home & Kitchen,Mixer Grinder,4,5686,10,20469.6,Debit Card,Returned
ORD00602,2025-12-12,Kavya Verma,Bhopal,Electronics,Smartphone,2,49044,20,78470.4,Debit Card,Completed
ORD00603,2024-03-02,Priya Jain,Bengaluru,Clothing,Jeans,5,3239,15,13765.75,Debit Card,Returned
ORD00604,2025-09-05,Riya Jain,Delhi,Books,Fiction Novel,4,1358,15,4617.2,Cash on Delivery,Completed
ORD00605,2024-03-06,Priya Gupta,Indore,Books,Business Management,4,1002,0,4008.0,Net Banking,Completed
ORD00606,2025-05-14,Aditya Verma,Pune,Beauty,Perfume,2,1594,20,2550.4,UPI,Completed
ORD00607,2024-02-21,Isha Malhotra,Pune,Home & Kitchen,Coffee Maker,2,8790,5,16701.0,Net Banking,Completed
ORD00608,2024-10-16,Neha Kumar,Indore,Electronics,Bluetooth Speaker,2,10620,15,18054.0,Credit Card,Cancelled
ORD00609,2025-04-27,Sneha Singh,Ahmedabad,Books,Fiction Novel,1,358,10,322.2,Net Banking,Completed
ORD00610,2025-05-28,Aditi Soni,Mumbai,Electronics,Power Bank,3,32929,0,98787.0,Debit Card,Returned
ORD00611,2025-05-09,Kunal Mishra,Hyderabad,Beauty,Face Wash,5,494,15,2099.5,Net Banking,Returned
ORD00612,2024-02-22,Sneha Yadav,Hyderabad,Beauty,Perfume,4,1632,20,5222.4,UPI,Returned
ORD00613,2025-12-14,Riya Shah,Jaipur,Beauty,Shampoo,5,936,0,4680.0,Debit Card,Completed
ORD00614,2024-09-24,Kunal Sharma,Hyderabad,Electronics,Smartwatch,2,29914,20,47862.4,Credit Card,Cancelled
ORD00615,2025-09-22,Pooja Mishra,Pune,Books,Python Programming,5,368,0,1840.0,Credit Card,Completed
ORD00616,2025-02-10,Sahil Mishra,Pune,Books,Business Management,2,417,10,750.6,Net Banking,Completed
ORD00617,2025-03-30,Priya Malhotra,Delhi,Clothing,Jeans,4,4639,15,15772.6,Cash on Delivery,Returned
ORD00618,2025-01-24,Arjun Patel,Delhi,Clothing,Jacket,2,1655,5,3144.5,Net Banking,Completed
ORD00619,2024-05-26,Riya Kumar,Bhopal,Beauty,Face Wash,1,968,10,871.2,UPI,Completed
ORD00620,2025-07-02,Aarav Kumar,Mumbai,Home & Kitchen,Cookware Set,2,8392,5,15944.8,Cash on Delivery,Completed
ORD00621,2025-09-27,Aditi Mishra,Pune,Clothing,Kurta,3,3532,15,9006.6,Cash on Delivery,Completed
ORD00622,2024-04-29,Aditi Jain,Indore,Electronics,Smartwatch,1,19282,10,17353.8,Debit Card,Completed
ORD00623,2024-04-24,Priya Mishra,Pune,Electronics,Bluetooth Speaker,5,22584,15,95982.0,Credit Card,Returned
ORD00624,2025-05-28,Rohan Sharma,Indore,Electronics,Smartwatch,4,44297,0,177188.0,Net Banking,Returned
ORD00625,2024-09-10,Pooja Sharma,Indore,Books,Fiction Novel,2,1438,5,2732.2,Credit Card,Completed
ORD00626,2025-08-03,Riya Agarwal,Jaipur,Home & Kitchen,Cookware Set,4,8836,15,30042.4,Debit Card,Completed
ORD00627,2025-12-14,Vikram Jain,Ahmedabad,Clothing,Sneakers,1,1491,10,1341.9,Debit Card,Cancelled
ORD00628,2024-11-16,Amit Singh,Bhopal,Clothing,Kurta,1,1765,10,1588.5,UPI,Completed
ORD00629,2024-05-21,Sahil Singh,Jaipur,Home & Kitchen,Bedsheet,2,10843,0,21686.0,Credit Card,Completed
ORD00630,2025-12-06,Ananya Kumar,Hyderabad,Home & Kitchen,Mixer Grinder,1,2480,5,2356.0,Net Banking,Completed
ORD00631,2024-08-19,Isha Mishra,Pune,Books,Python Programming,2,1438,0,2876.0,Cash on Delivery,Completed
ORD00632,2024-09-10,Rahul Soni,Bhopal,Clothing,Sneakers,5,3831,0,19155.0,Credit Card,Completed
ORD00633,2024-01-27,Aarav Singh,Bengaluru,Home & Kitchen,Coffee Maker,3,3645,5,10388.25,Debit Card,Completed
ORD00634,2024-05-22,Riya Soni,Pune,Books,Python Programming,1,1047,5,994.65,Cash on Delivery,Returned
ORD00635,2025-01-01,Sahil Jain,Jaipur,Clothing,Jacket,4,2264,5,8603.2,Debit Card,Completed
ORD00636,2025-06-22,Ananya Patel,Delhi,Beauty,Sunscreen,3,526,10,1420.2,Debit Card,Cancelled
ORD00637,2024-02-24,Rohan Kumar,Pune,Electronics,Power Bank,4,982,15,3338.8,Debit Card,Completed
ORD00638,2024-06-09,Rohan Agarwal,Bengaluru,Electronics,Power Bank,4,36147,20,115670.4,Credit Card,Returned
ORD00639,2024-12-24,Arjun Gupta,Jaipur,Beauty,Sunscreen,4,2474,10,8906.4,UPI,Cancelled
ORD00640,2025-05-10,Sneha Shah,Jaipur,Clothing,Kurta,2,1234,10,2221.2,Debit Card,Cancelled
ORD00641,2025-06-16,Arjun Singh,Indore,Home & Kitchen,Cookware Set,3,5712,20,13708.8,Debit Card,Cancelled
ORD00642,2024-10-09,Vikram Jain,Ahmedabad,Home & Kitchen,Cookware Set,3,2708,10,7311.6,Net Banking,Completed
ORD00643,2025-06-05,Rahul Singh,Pune,Electronics,Wireless Headphones,4,32889,5,124978.2,Credit Card,Completed
ORD00644,2025-09-06,Isha Malhotra,Chennai,Books,Python Programming,3,486,10,1312.2,Net Banking,Returned
ORD00645,2025-08-26,Vivaan Gupta,Jaipur,Electronics,Bluetooth Speaker,1,44571,15,37885.35,UPI,Completed
ORD00646,2025-05-19,Aditya Mishra,Pune,Electronics,Smartwatch,1,1688,5,1603.6,Credit Card,Completed
ORD00647,2024-05-27,Aditi Patel,Mumbai,Electronics,Smartphone,1,42875,0,42875.0,Net Banking,Completed
ORD00648,2025-03-23,Aditya Mishra,Indore,Beauty,Shampoo,1,2483,15,2110.55,Debit Card,Completed
ORD00649,2024-03-25,Aditya Soni,Bengaluru,Beauty,Moisturizer,2,2402,20,3843.2,Credit Card,Completed
ORD00650,2024-06-26,Vikram Soni,Bengaluru,Clothing,Jeans,4,2393,15,8136.2,Net Banking,Completed
ORD00651,2024-04-19,Kavya Singh,Ahmedabad,Clothing,Jacket,3,1878,10,5070.6,Debit Card,Cancelled
ORD00652,2025-09-07,Kunal Yadav,Mumbai,Books,Python Programming,5,374,15,1589.5,Net Banking,Returned
ORD00653,2024-12-17,Sneha Gupta,Indore,Clothing,Jeans,3,2806,5,7997.1,Credit Card,Returned
ORD00654,2025-10-07,Riya Yadav,Jaipur,Home & Kitchen,Bedsheet,4,7701,0,30804.0,UPI,Cancelled
ORD00655,2024-03-29,Kunal Soni,Delhi,Beauty,Moisturizer,3,954,15,2432.7,Debit Card,Completed
ORD00656,2025-03-04,Pooja Soni,Ahmedabad,Clothing,Kurta,2,4148,15,7051.6,UPI,Completed
ORD00657,2024-09-06,Neha Patel,Jaipur,Beauty,Shampoo,4,1791,0,7164.0,Credit Card,Completed
ORD00658,2024-07-15,Isha Kumar,Delhi,Home & Kitchen,Coffee Maker,2,10410,15,17697.0,Debit Card,Completed
ORD00659,2025-09-18,Kavya Kumar,Mumbai,Books,SQL for Beginners,5,1043,5,4954.25,UPI,Completed
ORD00660,2025-08-07,Sneha Malhotra,Hyderabad,Home & Kitchen,Bedsheet,3,869,15,2215.95,Net Banking,Cancelled
ORD00661,2024-06-21,Rohan Agarwal,Pune,Home & Kitchen,Coffee Maker,4,11773,20,37673.6,Cash on Delivery,Completed
ORD00662,2025-02-20,Amit Yadav,Delhi,Clothing,T-Shirt,4,1130,10,4068.0,Credit Card,Completed
ORD00663,2025-04-02,Aarav Kumar,Jaipur,Clothing,T-Shirt,1,3072,10,2764.8,UPI,Completed
ORD00664,2025-07-14,Riya Soni,Jaipur,Clothing,Sneakers,3,2295,5,6540.75,Credit Card,Returned
ORD00665,2024-08-30,Kavya Singh,Hyderabad,Electronics,Smartwatch,4,20680,0,82720.0,Net Banking,Completed
ORD00666,2024-12-23,Pooja Singh,Mumbai,Electronics,Smartphone,1,29891,15,25407.35,Net Banking,Completed
ORD00667,2024-06-08,Pooja Patel,Bengaluru,Clothing,Jeans,5,4985,5,23678.75,Net Banking,Completed
ORD00668,2025-09-05,Arjun Malhotra,Chennai,Books,Business Management,1,1438,15,1222.3,Cash on Delivery,Completed
ORD00669,2024-07-31,Priya Shah,Jaipur,Clothing,Jeans,1,4850,0,4850.0,Debit Card,Cancelled
ORD00670,2024-12-07,Priya Malhotra,Hyderabad,Home & Kitchen,Cookware Set,3,4655,20,11172.0,Credit Card,Completed
ORD00671,2024-01-06,Kavya Jain,Jaipur,Clothing,Sneakers,3,3760,0,11280.0,Cash on Delivery,Completed
ORD00672,2025-02-14,Ananya Gupta,Jaipur,Electronics,Power Bank,4,15904,0,63616.0,Cash on Delivery,Cancelled
ORD00673,2025-12-30,Rahul Patel,Bengaluru,Electronics,Smartphone,1,21033,0,21033.0,Credit Card,Cancelled
ORD00674,2025-07-17,Arjun Joshi,Bhopal,Beauty,Sunscreen,5,1838,10,8271.0,Debit Card,Cancelled
ORD00675,2024-05-03,Vivaan Mehta,Chennai,Home & Kitchen,Coffee Maker,4,7350,10,26460.0,UPI,Returned
ORD00676,2024-10-09,Aditya Singh,Delhi,Clothing,Jacket,5,2759,5,13105.25,Credit Card,Completed
ORD00677,2024-06-12,Vikram Kumar,Mumbai,Clothing,Jeans,2,4734,15,8047.8,Debit Card,Completed
ORD00678,2024-09-19,Kunal Soni,Indore,Electronics,Wireless Headphones,4,54822,10,197359.2,Cash on Delivery,Returned
ORD00679,2024-10-27,Ananya Agarwal,Indore,Electronics,Bluetooth Speaker,5,27468,20,109872.0,Net Banking,Returned
ORD00680,2025-03-18,Amit Verma,Jaipur,Clothing,Jacket,5,2955,15,12558.75,Cash on Delivery,Returned
ORD00681,2024-11-24,Meera Gupta,Jaipur,Clothing,Jacket,4,4435,5,16853.0,UPI,Cancelled
ORD00682,2024-09-05,Ananya Yadav,Ahmedabad,Clothing,Jacket,5,1190,15,5057.5,UPI,Completed
ORD00683,2025-03-30,Arjun Joshi,Bengaluru,Electronics,Smartwatch,5,49998,15,212491.5,Credit Card,Completed
ORD00684,2025-07-23,Aditi Agarwal,Ahmedabad,Home & Kitchen,Coffee Maker,3,7842,5,22349.7,Debit Card,Returned
ORD00685,2024-12-31,Pooja Patel,Bengaluru,Electronics,Smartphone,4,14814,20,47404.8,UPI,Completed
ORD00686,2025-06-27,Rahul Kumar,Ahmedabad,Electronics,Smartwatch,5,46564,5,221179.0,Credit Card,Completed
ORD00687,2025-04-25,Vivaan Soni,Bhopal,Clothing,Kurta,4,3084,0,12336.0,UPI,Returned
ORD00688,2024-08-13,Rahul Verma,Pune,Home & Kitchen,Bedsheet,1,5214,10,4692.6,UPI,Completed
ORD00689,2025-06-19,Sahil Malhotra,Bengaluru,Beauty,Sunscreen,3,2358,5,6720.3,Credit Card,Completed
ORD00690,2025-11-19,Aditya Soni,Indore,Books,Python Programming,2,1201,20,1921.6,Net Banking,Completed
ORD00691,2025-04-25,Rahul Patel,Bengaluru,Beauty,Face Wash,4,1967,10,7081.2,Credit Card,Completed
ORD00692,2024-11-25,Neha Kumar,Jaipur,Electronics,Smartphone,1,8701,10,7830.9,Credit Card,Completed
ORD00693,2025-12-12,Rahul Yadav,Hyderabad,Books,Business Management,4,390,0,1560.0,Debit Card,Completed
ORD00694,2024-08-05,Kavya Singh,Pune,Clothing,Sneakers,3,1583,0,4749.0,Credit Card,Completed
ORD00695,2024-11-25,Sneha Sharma,Jaipur,Books,SQL for Beginners,2,1390,20,2224.0,Credit Card,Completed
ORD00696,2024-09-02,Pooja Gupta,Delhi,Beauty,Perfume,3,2228,0,6684.0,UPI,Completed
ORD00697,2024-11-18,Kunal Mehta,Ahmedabad,Home & Kitchen,Mixer Grinder,5,1504,15,6392.0,UPI,Completed
ORD00698,2024-08-27,Arjun Verma,Pune,Electronics,Smartphone,2,63391,10,114103.8,Net Banking,Cancelled
ORD00699,2024-04-11,Isha Patel,Ahmedabad,Home & Kitchen,Bedsheet,2,5420,5,10298.0,Credit Card,Completed
ORD00700,2025-02-05,Rohan Malhotra,Bhopal,Clothing,Kurta,3,3404,5,9701.4,Net Banking,Cancelled
ORD00701,2025-10-01,Neha Sharma,Ahmedabad,Electronics,Bluetooth Speaker,2,17297,10,31134.6,Net Banking,Completed
ORD00702,2025-09-30,Vikram Shah,Jaipur,Home & Kitchen,Water Bottle,1,4163,0,4163.0,Cash on Delivery,Completed
ORD00703,2025-11-29,Isha Gupta,Hyderabad,Clothing,T-Shirt,5,989,10,4450.5,Cash on Delivery,Completed
ORD00704,2025-06-26,Riya Jain,Bhopal,Beauty,Sunscreen,2,3269,15,5557.3,Debit Card,Cancelled
ORD00705,2024-03-22,Kunal Gupta,Bhopal,Books,Fiction Novel,5,1716,15,7293.0,Net Banking,Completed
ORD00706,2024-10-14,Kunal Shah,Hyderabad,Home & Kitchen,Water Bottle,4,7713,20,24681.6,Cash on Delivery,Cancelled
ORD00707,2025-02-08,Rohan Malhotra,Indore,Beauty,Moisturizer,4,550,15,1870.0,Net Banking,Cancelled
ORD00708,2025-12-03,Kunal Patel,Bhopal,Books,Data Analytics,1,1797,5,1707.15,Cash on Delivery,Completed
ORD00709,2024-10-16,Sneha Singh,Bengaluru,Clothing,Jacket,5,1711,0,8555.0,UPI,Completed
ORD00710,2024-09-13,Vikram Agarwal,Indore,Beauty,Face Wash,2,3017,20,4827.2,Credit Card,Completed
ORD00711,2025-07-13,Pooja Joshi,Delhi,Home & Kitchen,Mixer Grinder,2,5421,10,9757.8,Net Banking,Completed
ORD00712,2024-07-15,Arjun Jain,Jaipur,Clothing,Jacket,2,3967,15,6743.9,Credit Card,Completed
ORD00713,2024-02-20,Neha Sharma,Hyderabad,Beauty,Shampoo,4,1218,5,4628.4,Net Banking,Cancelled
ORD00714,2025-04-02,Neha Agarwal,Hyderabad,Books,SQL for Beginners,2,1405,15,2388.5,Net Banking,Returned
ORD00715,2025-04-15,Priya Mehta,Indore,Clothing,Kurta,2,3397,10,6114.6,UPI,Returned
ORD00716,2024-02-01,Pooja Shah,Jaipur,Electronics,Power Bank,5,28170,15,119722.5,UPI,Completed
ORD00717,2025-05-12,Sahil Malhotra,Delhi,Home & Kitchen,Mixer Grinder,5,7288,10,32796.0,Credit Card,Cancelled
ORD00718,2025-11-26,Rahul Mehta,Bhopal,Books,SQL for Beginners,5,1314,15,5584.5,Credit Card,Completed
ORD00719,2025-02-14,Neha Verma,Pune,Electronics,Power Bank,1,12965,5,12316.75,Credit Card,Cancelled
ORD00720,2024-09-30,Sahil Verma,Hyderabad,Beauty,Face Wash,3,1224,5,3488.4,UPI,Completed
ORD00721,2025-06-16,Rohan Singh,Bengaluru,Home & Kitchen,Bedsheet,4,2014,5,7653.2,Credit Card,Completed
ORD00722,2025-03-09,Rahul Shah,Bhopal,Electronics,Power Bank,5,58430,5,277542.5,Net Banking,Cancelled
ORD00723,2024-10-07,Kunal Sharma,Ahmedabad,Clothing,Jacket,1,2497,20,1997.6,Debit Card,Cancelled
ORD00724,2025-04-16,Aarav Soni,Ahmedabad,Books,SQL for Beginners,5,1721,20,6884.0,UPI,Completed
ORD00725,2024-03-08,Aarav Jain,Bengaluru,Electronics,Smartphone,5,43011,5,204302.25,Cash on Delivery,Completed
ORD00726,2024-01-02,Pooja Agarwal,Chennai,Clothing,T-Shirt,1,994,20,795.2,Credit Card,Returned
ORD00727,2024-01-05,Rahul Mishra,Indore,Home & Kitchen,Coffee Maker,3,6587,0,19761.0,Debit Card,Completed
ORD00728,2024-11-12,Arjun Malhotra,Bhopal,Books,Fiction Novel,5,485,15,2061.25,UPI,Completed
ORD00729,2025-08-14,Priya Verma,Bhopal,Books,Business Management,1,671,5,637.45,Net Banking,Completed
ORD00730,2025-07-28,Ananya Yadav,Delhi,Electronics,Smartwatch,1,24596,20,19676.8,Cash on Delivery,Cancelled
ORD00731,2024-01-19,Pooja Singh,Indore,Electronics,Wireless Headphones,1,29696,15,25241.6,UPI,Completed
ORD00732,2025-04-02,Amit Sharma,Pune,Clothing,Kurta,5,4597,0,22985.0,Net Banking,Cancelled
ORD00733,2024-07-01,Pooja Joshi,Ahmedabad,Home & Kitchen,Coffee Maker,5,4084,5,19399.0,Cash on Delivery,Completed
ORD00734,2024-12-06,Aarav Mehta,Hyderabad,Clothing,Jeans,2,1187,0,2374.0,Credit Card,Returned
ORD00735,2024-03-14,Aarav Patel,Hyderabad,Home & Kitchen,Coffee Maker,3,9495,10,25636.5,Debit Card,Completed
ORD00736,2024-11-19,Kunal Kumar,Bhopal,Home & Kitchen,Bedsheet,1,7563,0,7563.0,Net Banking,Completed
ORD00737,2025-10-30,Rohan Singh,Ahmedabad,Books,Data Analytics,2,283,20,452.8,Credit Card,Completed
ORD00738,2025-09-03,Sneha Soni,Mumbai,Electronics,Wireless Headphones,5,47626,10,214317.0,Debit Card,Returned
ORD00739,2025-12-03,Sahil Gupta,Hyderabad,Clothing,Sneakers,2,2606,0,5212.0,Debit Card,Completed
ORD00740,2025-07-13,Aditi Sharma,Hyderabad,Home & Kitchen,Cookware Set,3,937,15,2389.35,UPI,Completed
ORD00741,2025-10-03,Sneha Sharma,Jaipur,Beauty,Shampoo,2,2401,5,4561.9,Credit Card,Completed
ORD00742,2024-07-14,Neha Gupta,Bhopal,Clothing,Jeans,1,4675,0,4675.0,Cash on Delivery,Returned
ORD00743,2024-04-18,Priya Joshi,Jaipur,Books,Python Programming,5,1109,0,5545.0,UPI,Cancelled
ORD00744,2024-06-17,Riya Mishra,Jaipur,Home & Kitchen,Coffee Maker,2,1556,15,2645.2,Net Banking,Cancelled
ORD00745,2025-11-24,Ananya Kumar,Delhi,Home & Kitchen,Bedsheet,3,8688,10,23457.6,Debit Card,Completed
ORD00746,2025-02-23,Sahil Malhotra,Indore,Clothing,Jacket,4,2362,10,8503.2,Cash on Delivery,Completed
ORD00747,2025-01-23,Neha Soni,Pune,Clothing,Sneakers,1,1228,20,982.4,UPI,Completed
ORD00748,2025-02-06,Pooja Shah,Pune,Beauty,Moisturizer,3,1796,10,4849.2,Credit Card,Cancelled
ORD00749,2024-06-14,Sahil Yadav,Bhopal,Books,SQL for Beginners,4,900,20,2880.0,Debit Card,Completed
ORD00750,2024-04-29,Priya Malhotra,Hyderabad,Beauty,Sunscreen,1,2021,15,1717.85,Cash on Delivery,Completed
ORD00751,2024-11-03,Kunal Agarwal,Chennai,Beauty,Perfume,4,1236,5,4696.8,UPI,Returned
ORD00752,2024-12-23,Vivaan Mishra,Indore,Home & Kitchen,Mixer Grinder,1,6303,15,5357.55,UPI,Completed
ORD00753,2024-06-15,Aditya Agarwal,Chennai,Electronics,Smartphone,4,51108,20,163545.6,Debit Card,Cancelled
ORD00754,2024-05-17,Vikram Gupta,Mumbai,Electronics,Smartwatch,1,64029,10,57626.1,Credit Card,Completed
ORD00755,2024-11-01,Isha Soni,Bengaluru,Beauty,Shampoo,4,2676,15,9098.4,UPI,Completed
ORD00756,2024-09-13,Aditya Sharma,Hyderabad,Home & Kitchen,Mixer Grinder,2,11394,20,18230.4,Net Banking,Cancelled
ORD00757,2025-10-21,Aditi Soni,Bengaluru,Beauty,Perfume,4,1926,15,6548.4,UPI,Returned
ORD00758,2025-06-29,Kavya Kumar,Bengaluru,Home & Kitchen,Coffee Maker,2,6429,0,12858.0,Cash on Delivery,Completed
ORD00759,2025-02-02,Kavya Verma,Indore,Beauty,Face Wash,4,3149,5,11966.2,UPI,Completed
ORD00760,2025-05-01,Riya Patel,Jaipur,Home & Kitchen,Cookware Set,4,2347,20,7510.4,Debit Card,Completed
ORD00761,2024-10-29,Aarav Verma,Jaipur,Clothing,Kurta,5,4813,0,24065.0,Cash on Delivery,Completed
ORD00762,2025-12-04,Vivaan Joshi,Hyderabad,Beauty,Perfume,4,1291,20,4131.2,Net Banking,Completed
ORD00763,2025-07-11,Ananya Mishra,Mumbai,Home & Kitchen,Mixer Grinder,2,1450,15,2465.0,UPI,Completed
ORD00764,2024-10-28,Riya Malhotra,Ahmedabad,Electronics,Power Bank,5,50508,5,239913.0,Credit Card,Completed
ORD00765,2025-11-26,Aditi Soni,Ahmedabad,Electronics,Smartphone,1,44476,10,40028.4,Net Banking,Returned
ORD00766,2024-08-12,Pooja Patel,Jaipur,Books,SQL for Beginners,2,1224,15,2080.8,Credit Card,Cancelled
ORD00767,2024-01-27,Aarav Patel,Chennai,Home & Kitchen,Mixer Grinder,5,11633,5,55256.75,Credit Card,Completed
ORD00768,2024-11-10,Kavya Patel,Delhi,Books,Python Programming,1,428,10,385.2,UPI,Completed
ORD00769,2024-10-28,Rahul Soni,Ahmedabad,Books,SQL for Beginners,2,1514,15,2573.8,Credit Card,Returned
ORD00770,2025-12-17,Amit Mishra,Bengaluru,Books,Business Management,4,1601,5,6083.8,Credit Card,Completed
ORD00771,2025-12-27,Neha Yadav,Jaipur,Clothing,T-Shirt,4,2068,5,7858.4,Cash on Delivery,Completed
ORD00772,2025-07-28,Riya Shah,Jaipur,Home & Kitchen,Mixer Grinder,2,9798,20,15676.8,Cash on Delivery,Completed
ORD00773,2025-04-01,Aditya Yadav,Hyderabad,Books,Fiction Novel,2,1636,0,3272.0,Debit Card,Completed
ORD00774,2025-06-21,Neha Mehta,Bengaluru,Beauty,Moisturizer,2,2476,15,4209.2,Net Banking,Completed
ORD00775,2025-01-10,Riya Yadav,Chennai,Clothing,Sneakers,4,2089,20,6684.8,UPI,Completed
ORD00776,2024-08-31,Isha Shah,Mumbai,Books,Data Analytics,3,680,5,1938.0,Credit Card,Completed
ORD00777,2024-04-25,Kunal Mishra,Pune,Home & Kitchen,Bedsheet,3,2335,10,6304.5,Net Banking,Cancelled
ORD00778,2024-09-01,Ananya Shah,Hyderabad,Clothing,Jeans,4,3486,5,13246.8,Net Banking,Completed
ORD00779,2024-10-02,Pooja Soni,Ahmedabad,Clothing,T-Shirt,5,4468,5,21223.0,Credit Card,Completed
ORD00780,2025-05-31,Aditi Patel,Bhopal,Clothing,Sneakers,3,4490,5,12796.5,Cash on Delivery,Cancelled
ORD00781,2025-08-22,Meera Mishra,Jaipur,Books,Fiction Novel,1,882,15,749.7,Debit Card,Completed
ORD00782,2025-05-21,Aditi Malhotra,Chennai,Home & Kitchen,Cookware Set,2,6970,15,11849.0,Cash on Delivery,Cancelled
ORD00783,2025-04-10,Amit Mishra,Bengaluru,Home & Kitchen,Coffee Maker,3,1801,15,4592.55,Credit Card,Completed
ORD00784,2024-01-16,Arjun Verma,Chennai,Electronics,Bluetooth Speaker,1,7845,0,7845.0,Cash on Delivery,Completed
ORD00785,2024-01-31,Rahul Singh,Mumbai,Clothing,Jeans,3,3676,5,10476.6,Credit Card,Completed
ORD00786,2025-01-26,Meera Malhotra,Jaipur,Electronics,Power Bank,1,8263,10,7436.7,Debit Card,Completed
ORD00787,2025-08-31,Rohan Verma,Bengaluru,Books,Business Management,1,1736,5,1649.2,UPI,Cancelled
ORD00788,2025-02-27,Kavya Mishra,Delhi,Electronics,Power Bank,3,17921,15,45698.55,Net Banking,Completed
ORD00789,2025-03-10,Aditi Verma,Hyderabad,Books,Fiction Novel,3,1201,10,3242.7,Net Banking,Returned
ORD00790,2025-08-23,Riya Singh,Mumbai,Books,Business Management,2,214,15,363.8,Credit Card,Completed
ORD00791,2025-12-25,Ananya Mishra,Hyderabad,Home & Kitchen,Mixer Grinder,4,10566,0,42264.0,Credit Card,Returned
ORD00792,2025-04-09,Rahul Verma,Hyderabad,Clothing,Jacket,2,2942,5,5589.8,Cash on Delivery,Returned
ORD00793,2024-07-11,Priya Mehta,Bhopal,Clothing,Sneakers,4,2125,10,7650.0,UPI,Completed
ORD00794,2025-08-30,Amit Agarwal,Indore,Books,Data Analytics,4,929,10,3344.4,Debit Card,Completed
ORD00795,2024-01-11,Meera Mehta,Indore,Clothing,Sneakers,1,2339,20,1871.2,UPI,Returned
ORD00796,2024-09-11,Kunal Malhotra,Hyderabad,Home & Kitchen,Mixer Grinder,4,1176,5,4468.8,Net Banking,Cancelled
ORD00797,2024-06-10,Amit Sharma,Hyderabad,Clothing,Jeans,4,2588,15,8799.2,Net Banking,Completed
ORD00798,2025-03-22,Arjun Sharma,Mumbai,Clothing,Kurta,4,2703,20,8649.6,Net Banking,Cancelled
ORD00799,2024-03-20,Aditi Sharma,Pune,Books,Python Programming,3,1725,15,4398.75,Net Banking,Cancelled
ORD00800,2024-02-16,Pooja Malhotra,Jaipur,Beauty,Moisturizer,3,3293,20,7903.2,Credit Card,Cancelled
ORD00801,2024-12-30,Vivaan Verma,Hyderabad,Home & Kitchen,Cookware Set,3,2130,0,6390.0,Net Banking,Returned
ORD00802,2024-05-04,Kavya Verma,Hyderabad,Beauty,Shampoo,5,3240,0,16200.0,Debit Card,Completed
ORD00803,2025-12-15,Sneha Patel,Bengaluru,Books,SQL for Beginners,3,1325,10,3577.5,Cash on Delivery,Cancelled
ORD00804,2025-02-18,Riya Verma,Ahmedabad,Electronics,Power Bank,5,7479,0,37395.0,Credit Card,Completed
ORD00805,2025-10-01,Aarav Jain,Pune,Home & Kitchen,Coffee Maker,2,541,5,1027.9,Cash on Delivery,Completed
ORD00806,2025-08-22,Rahul Mishra,Ahmedabad,Clothing,Sneakers,3,2485,15,6336.75,Net Banking,Completed
ORD00807,2024-11-11,Meera Kumar,Bhopal,Home & Kitchen,Coffee Maker,3,3414,15,8705.7,Debit Card,Completed
ORD00808,2024-06-21,Rahul Singh,Jaipur,Beauty,Perfume,1,2392,10,2152.8,UPI,Returned
ORD00809,2025-09-27,Riya Jain,Mumbai,Books,Business Management,2,1527,20,2443.2,Debit Card,Cancelled
ORD00810,2024-01-21,Rohan Mehta,Bhopal,Clothing,T-Shirt,1,4625,0,4625.0,UPI,Cancelled
ORD00811,2024-05-20,Isha Joshi,Bhopal,Electronics,Bluetooth Speaker,4,23702,0,94808.0,UPI,Completed
ORD00812,2025-09-12,Vivaan Malhotra,Mumbai,Home & Kitchen,Bedsheet,1,6393,5,6073.35,UPI,Cancelled
ORD00813,2024-09-30,Vivaan Verma,Pune,Books,SQL for Beginners,1,481,15,408.85,UPI,Completed
ORD00814,2024-07-16,Priya Kumar,Jaipur,Home & Kitchen,Mixer Grinder,1,9031,20,7224.8,Net Banking,Completed
ORD00815,2024-03-02,Rahul Malhotra,Bengaluru,Beauty,Sunscreen,1,2201,15,1870.85,Credit Card,Completed
ORD00816,2025-01-24,Sneha Mehta,Jaipur,Clothing,Jeans,3,3908,0,11724.0,Debit Card,Completed
ORD00817,2024-08-20,Ananya Kumar,Bengaluru,Clothing,T-Shirt,1,1212,5,1151.4,Credit Card,Returned
ORD00818,2024-08-02,Ananya Sharma,Delhi,Electronics,Smartwatch,1,7326,15,6227.1,Credit Card,Completed
ORD00819,2024-05-18,Rohan Malhotra,Chennai,Beauty,Shampoo,4,1696,15,5766.4,UPI,Cancelled
ORD00820,2025-06-19,Priya Singh,Ahmedabad,Electronics,Bluetooth Speaker,4,44980,5,170924.0,Cash on Delivery,Cancelled
ORD00821,2024-03-11,Rohan Yadav,Bengaluru,Books,Fiction Novel,1,1549,5,1471.55,Debit Card,Completed
ORD00822,2024-05-23,Aarav Gupta,Bengaluru,Electronics,Smartphone,5,10493,5,49841.75,Credit Card,Returned
ORD00823,2025-12-17,Priya Joshi,Mumbai,Beauty,Perfume,4,2520,15,8568.0,Debit Card,Completed
ORD00824,2025-12-10,Vikram Agarwal,Mumbai,Clothing,Sneakers,3,4956,5,14124.6,Cash on Delivery,Completed
ORD00825,2025-06-15,Sneha Shah,Indore,Electronics,Wireless Headphones,2,52871,0,105742.0,Net Banking,Completed
ORD00826,2025-01-26,Priya Agarwal,Pune,Clothing,Sneakers,4,4263,0,17052.0,Net Banking,Completed
ORD00827,2025-01-04,Sahil Agarwal,Pune,Electronics,Bluetooth Speaker,4,10262,0,41048.0,Debit Card,Completed
ORD00828,2025-11-05,Arjun Gupta,Indore,Home & Kitchen,Cookware Set,1,4834,5,4592.3,UPI,Returned
ORD00829,2024-04-23,Sahil Agarwal,Hyderabad,Home & Kitchen,Mixer Grinder,2,7304,5,13877.6,Debit Card,Completed
ORD00830,2024-02-04,Arjun Mehta,Bhopal,Books,Python Programming,3,545,10,1471.5,Debit Card,Completed
ORD00831,2025-10-24,Riya Shah,Ahmedabad,Books,SQL for Beginners,1,951,10,855.9,Debit Card,Returned
ORD00832,2024-03-03,Rahul Jain,Jaipur,Beauty,Sunscreen,2,2933,15,4986.1,Debit Card,Completed
ORD00833,2024-03-07,Aarav Patel,Delhi,Beauty,Perfume,3,792,10,2138.4,Cash on Delivery,Completed
ORD00834,2024-08-17,Priya Singh,Mumbai,Beauty,Shampoo,2,1757,10,3162.6,Credit Card,Returned
ORD00835,2025-10-07,Sneha Joshi,Pune,Home & Kitchen,Water Bottle,5,5941,0,29705.0,UPI,Completed
ORD00836,2024-12-09,Isha Yadav,Indore,Electronics,Bluetooth Speaker,3,24488,20,58771.2,UPI,Completed
ORD00837,2025-06-14,Vivaan Singh,Hyderabad,Beauty,Moisturizer,4,365,5,1387.0,Credit Card,Completed
ORD00838,2024-12-01,Isha Jain,Indore,Books,SQL for Beginners,1,629,5,597.55,Cash on Delivery,Returned
ORD00839,2025-06-09,Kavya Shah,Ahmedabad,Electronics,Bluetooth Speaker,2,62978,10,113360.4,Cash on Delivery,Returned
ORD00840,2025-07-11,Sneha Joshi,Delhi,Beauty,Sunscreen,1,3287,15,2793.95,Debit Card,Returned
ORD00841,2024-03-05,Pooja Shah,Indore,Beauty,Shampoo,5,2598,20,10392.0,Net Banking,Completed
ORD00842,2025-10-09,Kunal Sharma,Bhopal,Beauty,Face Wash,4,384,20,1228.8,UPI,Cancelled
ORD00843,2024-06-17,Vivaan Shah,Delhi,Electronics,Bluetooth Speaker,2,46127,20,73803.2,Credit Card,Cancelled
ORD00844,2024-07-09,Aditya Joshi,Pune,Beauty,Shampoo,3,2679,10,7233.3,UPI,Completed
ORD00845,2024-10-03,Vivaan Malhotra,Delhi,Home & Kitchen,Cookware Set,2,5793,20,9268.8,Debit Card,Completed
ORD00846,2024-08-31,Arjun Mehta,Pune,Clothing,Jacket,4,4415,20,14128.0,Debit Card,Completed
ORD00847,2025-07-17,Sneha Malhotra,Hyderabad,Beauty,Perfume,3,2488,20,5971.2,Cash on Delivery,Completed
ORD00848,2024-03-15,Vikram Agarwal,Bengaluru,Books,Python Programming,2,725,20,1160.0,Cash on Delivery,Completed
ORD00849,2024-09-19,Aditya Joshi,Hyderabad,Home & Kitchen,Coffee Maker,5,1809,20,7236.0,Debit Card,Completed
ORD00850,2024-08-23,Aditi Verma,Chennai,Clothing,Jeans,4,4453,20,14249.6,Cash on Delivery,Completed
ORD00851,2025-05-30,Amit Gupta,Bhopal,Books,Python Programming,4,1513,10,5446.8,Cash on Delivery,Completed
ORD00852,2025-11-02,Kavya Joshi,Ahmedabad,Books,Data Analytics,1,641,0,641.0,Credit Card,Completed
ORD00853,2025-07-08,Ananya Joshi,Pune,Home & Kitchen,Mixer Grinder,5,1860,0,9300.0,Net Banking,Completed
ORD00854,2024-03-01,Aditi Mehta,Bengaluru,Electronics,Wireless Headphones,5,57107,0,285535.0,UPI,Completed
ORD00855,2024-01-14,Priya Malhotra,Mumbai,Electronics,Power Bank,1,14122,10,12709.8,Net Banking,Completed
ORD00856,2024-03-28,Pooja Shah,Jaipur,Home & Kitchen,Cookware Set,3,1422,5,4052.7,Net Banking,Cancelled
ORD00857,2024-01-17,Priya Shah,Delhi,Electronics,Smartphone,4,43747,20,139990.4,UPI,Completed
ORD00858,2025-03-09,Sahil Soni,Ahmedabad,Clothing,T-Shirt,1,2291,0,2291.0,Debit Card,Completed
ORD00859,2024-12-27,Aditya Shah,Hyderabad,Books,Python Programming,5,591,15,2511.75,Cash on Delivery,Completed
ORD00860,2024-01-07,Meera Mishra,Hyderabad,Beauty,Sunscreen,2,1907,10,3432.6,Credit Card,Cancelled
ORD00861,2025-06-29,Vivaan Gupta,Chennai,Electronics,Smartphone,5,32260,20,129040.0,Debit Card,Completed
ORD00862,2025-05-28,Ananya Verma,Delhi,Books,Fiction Novel,4,1382,15,4698.8,UPI,Completed
ORD00863,2024-10-20,Amit Singh,Indore,Home & Kitchen,Water Bottle,5,11461,15,48709.25,Net Banking,Cancelled
ORD00864,2024-12-19,Aditi Mehta,Delhi,Beauty,Perfume,1,1095,10,985.5,Debit Card,Completed
ORD00865,2025-10-10,Vivaan Jain,Ahmedabad,Books,Business Management,5,206,15,875.5,Credit Card,Completed
ORD00866,2025-02-27,Aarav Gupta,Bhopal,Books,Data Analytics,5,1263,20,5052.0,Credit Card,Returned
ORD00867,2025-10-29,Neha Jain,Indore,Electronics,Wireless Headphones,2,31052,15,52788.4,Credit Card,Completed
ORD00868,2025-05-11,Riya Soni,Bengaluru,Home & Kitchen,Cookware Set,4,10820,0,43280.0,Cash on Delivery,Completed
ORD00869,2024-12-08,Aarav Patel,Hyderabad,Books,Business Management,4,527,0,2108.0,Net Banking,Returned
ORD00870,2025-10-21,Rahul Kumar,Delhi,Books,Business Management,2,917,0,1834.0,UPI,Completed
ORD00871,2024-07-19,Arjun Gupta,Pune,Electronics,Smartwatch,2,2397,5,4554.3,Cash on Delivery,Completed
ORD00872,2024-01-26,Vivaan Shah,Bengaluru,Books,Business Management,3,396,10,1069.2,Cash on Delivery,Cancelled
ORD00873,2025-09-09,Arjun Singh,Ahmedabad,Clothing,Kurta,1,3697,0,3697.0,UPI,Completed
ORD00874,2025-11-06,Isha Malhotra,Indore,Home & Kitchen,Mixer Grinder,2,4467,20,7147.2,Cash on Delivery,Completed
ORD00875,2024-11-26,Vikram Mishra,Pune,Electronics,Smartphone,4,9996,0,39984.0,Credit Card,Completed
ORD00876,2025-03-30,Pooja Mehta,Hyderabad,Electronics,Bluetooth Speaker,3,60581,10,163568.7,Net Banking,Returned
ORD00877,2025-04-01,Aarav Shah,Bhopal,Clothing,Sneakers,5,1631,5,7747.25,Debit Card,Returned
ORD00878,2024-06-24,Sneha Sharma,Bhopal,Books,Data Analytics,5,1162,15,4938.5,Credit Card,Completed
ORD00879,2024-07-04,Aditi Sharma,Chennai,Books,Python Programming,1,725,15,616.25,Net Banking,Completed
ORD00880,2024-10-21,Meera Malhotra,Indore,Home & Kitchen,Coffee Maker,5,9438,5,44830.5,UPI,Completed
ORD00881,2024-03-18,Meera Verma,Hyderabad,Home & Kitchen,Mixer Grinder,5,2170,0,10850.0,Cash on Delivery,Completed
ORD00882,2024-04-30,Aditya Gupta,Bhopal,Clothing,Jacket,1,3689,10,3320.1,UPI,Returned
ORD00883,2025-08-13,Kunal Jain,Mumbai,Books,SQL for Beginners,1,226,10,203.4,Credit Card,Completed
ORD00884,2024-09-27,Vikram Joshi,Delhi,Electronics,Wireless Headphones,1,13578,10,12220.2,Credit Card,Cancelled
ORD00885,2024-07-10,Priya Sharma,Pune,Books,Business Management,4,558,10,2008.8,UPI,Returned
ORD00886,2025-06-30,Kavya Sharma,Mumbai,Books,Python Programming,2,1509,5,2867.1,Net Banking,Completed
ORD00887,2025-04-27,Aarav Verma,Bengaluru,Electronics,Wireless Headphones,2,2352,15,3998.4,Cash on Delivery,Completed
ORD00888,2025-01-30,Ananya Gupta,Chennai,Books,Data Analytics,3,1159,20,2781.6,Credit Card,Completed
ORD00889,2025-06-06,Isha Soni,Chennai,Home & Kitchen,Coffee Maker,2,10240,15,17408.0,Cash on Delivery,Returned
ORD00890,2024-12-17,Arjun Soni,Pune,Home & Kitchen,Mixer Grinder,5,3168,10,14256.0,Net Banking,Cancelled
ORD00891,2025-04-27,Kunal Jain,Bhopal,Electronics,Wireless Headphones,5,58036,10,261162.0,Cash on Delivery,Completed
ORD00892,2024-09-15,Meera Mehta,Bengaluru,Home & Kitchen,Mixer Grinder,2,616,20,985.6,Debit Card,Completed
ORD00893,2024-07-22,Kavya Sharma,Chennai,Home & Kitchen,Cookware Set,1,9872,0,9872.0,Credit Card,Completed
ORD00894,2024-02-13,Isha Mehta,Bhopal,Electronics,Bluetooth Speaker,3,59507,20,142816.8,Credit Card,Completed
ORD00895,2024-04-22,Vikram Patel,Hyderabad,Beauty,Moisturizer,3,761,0,2283.0,Cash on Delivery,Returned
ORD00896,2025-01-18,Priya Sharma,Hyderabad,Clothing,T-Shirt,4,4260,20,13632.0,Credit Card,Completed
ORD00897,2024-10-11,Aarav Kumar,Mumbai,Beauty,Shampoo,2,1627,0,3254.0,UPI,Completed
ORD00898,2024-06-02,Kavya Verma,Chennai,Clothing,T-Shirt,3,4108,20,9859.2,Debit Card,Completed
ORD00899,2025-03-12,Aditya Sharma,Bhopal,Books,Fiction Novel,5,829,5,3937.75,Credit Card,Completed
ORD00900,2025-07-17,Aarav Malhotra,Pune,Electronics,Power Bank,1,23734,10,21360.6,UPI,Cancelled
ORD00901,2024-02-29,Vikram Gupta,Mumbai,Electronics,Wireless Headphones,1,50686,20,40548.8,Net Banking,Completed
ORD00902,2025-12-01,Vikram Soni,Hyderabad,Beauty,Shampoo,2,2180,20,3488.0,Net Banking,Completed
ORD00903,2024-09-11,Aarav Mishra,Indore,Beauty,Perfume,2,1523,0,3046.0,Debit Card,Returned
ORD00904,2024-05-27,Sneha Sharma,Mumbai,Home & Kitchen,Water Bottle,3,10016,10,27043.2,Debit Card,Cancelled
ORD00905,2025-01-03,Vivaan Kumar,Indore,Clothing,Jeans,3,1748,0,5244.0,Debit Card,Completed
ORD00906,2025-04-28,Kavya Singh,Bengaluru,Books,Business Management,5,723,15,3072.75,UPI,Completed
ORD00907,2024-10-24,Ananya Agarwal,Mumbai,Electronics,Bluetooth Speaker,5,12919,10,58135.5,Net Banking,Completed
ORD00908,2025-05-12,Amit Sharma,Pune,Home & Kitchen,Water Bottle,5,9224,20,36896.0,Cash on Delivery,Cancelled
ORD00909,2024-05-20,Priya Gupta,Chennai,Books,SQL for Beginners,1,1363,5,1294.85,Net Banking,Completed
ORD00910,2024-12-04,Aditya Sharma,Indore,Electronics,Wireless Headphones,5,24345,10,109552.5,Net Banking,Completed
ORD00911,2024-12-26,Isha Sharma,Bengaluru,Clothing,Jacket,4,3741,15,12719.4,Net Banking,Completed
ORD00912,2024-09-11,Sneha Gupta,Ahmedabad,Clothing,Sneakers,3,1146,15,2922.3,Cash on Delivery,Returned
ORD00913,2024-02-28,Ananya Malhotra,Hyderabad,Books,Business Management,1,608,15,516.8,Credit Card,Completed
ORD00914,2024-12-05,Rahul Kumar,Pune,Home & Kitchen,Cookware Set,5,10060,15,42755.0,Credit Card,Completed
ORD00915,2024-06-07,Kavya Singh,Jaipur,Electronics,Smartphone,1,21795,5,20705.25,Cash on Delivery,Completed
ORD00916,2024-12-15,Kunal Jain,Hyderabad,Electronics,Wireless Headphones,3,20255,0,60765.0,Net Banking,Completed
ORD00917,2024-12-31,Amit Mehta,Ahmedabad,Home & Kitchen,Bedsheet,2,4396,10,7912.8,UPI,Returned
ORD00918,2024-03-09,Neha Malhotra,Jaipur,Clothing,Sneakers,1,689,5,654.55,Net Banking,Returned
ORD00919,2025-03-30,Riya Jain,Pune,Books,Fiction Novel,4,904,5,3435.2,Credit Card,Returned
ORD00920,2025-09-23,Rahul Singh,Hyderabad,Electronics,Power Bank,1,7284,0,7284.0,Debit Card,Returned
ORD00921,2025-08-19,Kavya Shah,Delhi,Home & Kitchen,Coffee Maker,4,4010,15,13634.0,Net Banking,Cancelled
ORD00922,2024-11-03,Sneha Joshi,Chennai,Beauty,Sunscreen,2,2111,15,3588.7,UPI,Cancelled
ORD00923,2025-07-02,Pooja Kumar,Bhopal,Beauty,Sunscreen,1,2182,15,1854.7,Net Banking,Completed
ORD00924,2024-03-19,Ananya Mehta,Mumbai,Home & Kitchen,Cookware Set,2,4286,20,6857.6,UPI,Returned
ORD00925,2025-05-30,Vikram Yadav,Indore,Books,Python Programming,5,1297,0,6485.0,Cash on Delivery,Returned
ORD00926,2024-07-31,Vivaan Soni,Bengaluru,Home & Kitchen,Bedsheet,2,11284,10,20311.2,Cash on Delivery,Completed
ORD00927,2025-03-10,Riya Yadav,Chennai,Books,Business Management,5,1539,20,6156.0,Cash on Delivery,Completed
ORD00928,2024-04-12,Priya Jain,Mumbai,Electronics,Smartwatch,4,2799,10,10076.4,Credit Card,Returned
ORD00929,2025-02-16,Kunal Patel,Delhi,Clothing,Jeans,4,2410,20,7712.0,Debit Card,Returned
ORD00930,2025-09-08,Aditi Mishra,Ahmedabad,Electronics,Bluetooth Speaker,3,48051,5,136945.35,Credit Card,Completed
ORD00931,2025-12-08,Isha Mishra,Indore,Beauty,Face Wash,5,2541,15,10799.25,Cash on Delivery,Completed
ORD00932,2024-02-27,Kavya Malhotra,Indore,Clothing,Jeans,2,3294,0,6588.0,Debit Card,Completed
ORD00933,2025-09-03,Vivaan Singh,Jaipur,Beauty,Face Wash,4,2839,0,11356.0,Net Banking,Completed
ORD00934,2024-05-18,Riya Shah,Bengaluru,Clothing,Kurta,4,3818,10,13744.8,UPI,Returned
ORD00935,2024-02-23,Meera Mishra,Ahmedabad,Books,Data Analytics,1,1117,10,1005.3,Cash on Delivery,Completed
ORD00936,2025-01-17,Isha Agarwal,Indore,Electronics,Smartphone,2,53599,0,107198.0,UPI,Completed
ORD00937,2025-01-16,Ananya Malhotra,Delhi,Home & Kitchen,Water Bottle,5,5947,5,28248.25,Debit Card,Completed
ORD00938,2024-11-28,Priya Malhotra,Bhopal,Clothing,Sneakers,5,404,5,1919.0,Debit Card,Completed
ORD00939,2025-04-26,Arjun Verma,Indore,Home & Kitchen,Bedsheet,5,10678,0,53390.0,UPI,Completed
ORD00940,2024-10-31,Rahul Verma,Bengaluru,Electronics,Bluetooth Speaker,5,63831,5,303197.25,Debit Card,Completed
ORD00941,2024-10-06,Kunal Singh,Mumbai,Beauty,Sunscreen,3,656,0,1968.0,Cash on Delivery,Returned
ORD00942,2024-04-14,Aditi Gupta,Indore,Electronics,Smartwatch,3,29080,5,82878.0,Credit Card,Completed
ORD00943,2025-04-30,Riya Yadav,Chennai,Electronics,Smartwatch,3,61616,0,184848.0,Credit Card,Completed
ORD00944,2024-10-18,Ananya Singh,Bhopal,Clothing,Jeans,4,2524,20,8076.8,Credit Card,Returned
ORD00945,2025-07-06,Rohan Mishra,Bhopal,Books,Fiction Novel,2,1701,15,2891.7,Net Banking,Completed
ORD00946,2024-12-28,Arjun Malhotra,Chennai,Clothing,T-Shirt,2,2607,20,4171.2,Cash on Delivery,Cancelled
ORD00947,2024-09-04,Priya Shah,Jaipur,Electronics,Smartphone,2,22268,20,35628.8,Credit Card,Cancelled
ORD00948,2024-04-25,Vivaan Agarwal,Mumbai,Home & Kitchen,Water Bottle,2,11462,10,20631.6,Debit Card,Completed
ORD00949,2025-10-16,Aditi Mehta,Bengaluru,Beauty,Sunscreen,4,2871,10,10335.6,Credit Card,Completed
ORD00950,2025-02-24,Rahul Gupta,Jaipur,Books,Fiction Novel,4,210,20,672.0,Credit Card,Completed
ORD00951,2024-11-24,Riya Gupta,Pune,Beauty,Sunscreen,5,1239,20,4956.0,Net Banking,Returned
ORD00952,2024-07-15,Vikram Sharma,Chennai,Electronics,Smartwatch,2,30438,5,57832.2,Cash on Delivery,Completed
ORD00953,2025-06-12,Kunal Yadav,Bhopal,Books,Data Analytics,2,1467,10,2640.6,Credit Card,Completed
ORD00954,2025-09-04,Isha Gupta,Bengaluru,Books,Python Programming,4,1375,20,4400.0,Cash on Delivery,Cancelled
ORD00955,2025-03-04,Amit Mishra,Mumbai,Electronics,Power Bank,5,62075,20,248300.0,Debit Card,Completed
ORD00956,2024-12-24,Kavya Sharma,Bengaluru,Home & Kitchen,Cookware Set,5,4285,0,21425.0,Debit Card,Completed
ORD00957,2024-01-05,Rohan Mehta,Mumbai,Electronics,Bluetooth Speaker,1,47989,0,47989.0,UPI,Returned
ORD00958,2024-09-29,Pooja Mehta,Mumbai,Beauty,Sunscreen,2,1501,15,2551.7,Credit Card,Completed
ORD00959,2025-01-19,Sneha Singh,Pune,Electronics,Bluetooth Speaker,4,21592,5,82049.6,Credit Card,Cancelled
ORD00960,2024-07-04,Sahil Kumar,Chennai,Home & Kitchen,Mixer Grinder,4,7495,20,23984.0,Net Banking,Cancelled
ORD00961,2024-10-20,Kunal Kumar,Hyderabad,Electronics,Smartphone,5,1062,20,4248.0,Debit Card,Completed
ORD00962,2025-12-15,Arjun Kumar,Hyderabad,Electronics,Smartwatch,4,37707,15,128203.8,Debit Card,Cancelled
ORD00963,2024-06-05,Pooja Yadav,Pune,Beauty,Face Wash,5,885,5,4203.75,UPI,Completed
ORD00964,2025-09-14,Aditya Shah,Bhopal,Home & Kitchen,Bedsheet,4,8884,5,33759.2,Net Banking,Returned
ORD00965,2025-07-24,Vivaan Singh,Ahmedabad,Beauty,Shampoo,4,2219,10,7988.4,Credit Card,Completed
ORD00966,2025-05-03,Sahil Kumar,Jaipur,Books,Fiction Novel,5,663,15,2817.75,UPI,Completed
ORD00967,2025-01-25,Aditya Soni,Bengaluru,Books,Fiction Novel,1,1756,15,1492.6,Debit Card,Completed
ORD00968,2025-10-16,Priya Yadav,Chennai,Beauty,Shampoo,3,1531,20,3674.4,Credit Card,Completed
ORD00969,2024-02-09,Sahil Mishra,Ahmedabad,Books,Fiction Novel,5,1411,0,7055.0,Credit Card,Completed
ORD00970,2025-10-18,Pooja Yadav,Delhi,Books,Python Programming,2,1669,0,3338.0,Cash on Delivery,Cancelled
ORD00971,2025-06-08,Vivaan Kumar,Indore,Clothing,Sneakers,2,2858,0,5716.0,UPI,Cancelled
ORD00972,2024-08-29,Aditya Patel,Bengaluru,Electronics,Power Bank,5,12101,0,60505.0,Cash on Delivery,Completed
ORD00973,2025-12-19,Rahul Gupta,Hyderabad,Electronics,Smartphone,1,54000,15,45900.0,Net Banking,Completed
ORD00974,2025-11-07,Pooja Kumar,Pune,Electronics,Power Bank,4,14207,20,45462.4,Credit Card,Completed
ORD00975,2024-10-09,Aarav Verma,Bengaluru,Beauty,Moisturizer,5,1532,5,7277.0,Credit Card,Completed
ORD00976,2024-01-18,Priya Gupta,Pune,Home & Kitchen,Bedsheet,2,10053,20,16084.8,Net Banking,Completed
ORD00977,2024-09-11,Isha Sharma,Bhopal,Clothing,T-Shirt,3,4851,10,13097.7,Cash on Delivery,Completed
ORD00978,2024-07-27,Rohan Joshi,Hyderabad,Home & Kitchen,Mixer Grinder,3,1260,5,3591.0,Debit Card,Completed
ORD00979,2025-02-03,Arjun Joshi,Pune,Beauty,Sunscreen,5,3181,0,15905.0,Credit Card,Completed
ORD00980,2025-02-14,Vivaan Kumar,Delhi,Beauty,Shampoo,2,2639,10,4750.2,Credit Card,Completed
ORD00981,2024-10-07,Priya Patel,Jaipur,Electronics,Wireless Headphones,3,61974,20,148737.6,Net Banking,Completed
ORD00982,2024-09-19,Rohan Gupta,Jaipur,Electronics,Wireless Headphones,4,37516,20,120051.2,Debit Card,Completed
ORD00983,2024-08-05,Sneha Patel,Indore,Electronics,Wireless Headphones,5,51081,10,229864.5,Cash on Delivery,Returned
ORD00984,2024-11-07,Meera Gupta,Pune,Home & Kitchen,Mixer Grinder,3,1034,20,2481.6,Debit Card,Completed
ORD00985,2025-07-30,Priya Kumar,Pune,Home & Kitchen,Coffee Maker,4,1033,5,3925.4,Debit Card,Cancelled
ORD00986,2024-06-15,Aarav Shah,Chennai,Electronics,Bluetooth Speaker,2,59293,5,112656.7,Cash on Delivery,Returned
ORD00987,2025-01-27,Sahil Kumar,Mumbai,Beauty,Sunscreen,4,2750,20,8800.0,Credit Card,Completed
ORD00988,2025-10-23,Ananya Singh,Bengaluru,Clothing,Sneakers,3,462,10,1247.4,Debit Card,Completed
ORD00989,2025-09-01,Rohan Agarwal,Pune,Beauty,Perfume,4,2389,5,9078.2,Credit Card,Completed
ORD00990,2025-05-25,Sahil Singh,Pune,Beauty,Perfume,1,665,5,631.75,UPI,Cancelled
ORD00991,2025-08-30,Neha Malhotra,Bengaluru,Home & Kitchen,Mixer Grinder,3,7312,20,17548.8,Net Banking,Cancelled
ORD00992,2024-03-12,Aditya Soni,Delhi,Books,Business Management,1,343,5,325.85,Debit Card,Returned
ORD00993,2025-04-22,Isha Mishra,Chennai,Clothing,Kurta,5,3773,15,16035.25,Net Banking,Completed
ORD00994,2024-03-16,Sahil Kumar,Hyderabad,Clothing,Jacket,3,1503,10,4058.1,Net Banking,Returned
ORD00995,2024-12-17,Ananya Yadav,Bhopal,Clothing,Jacket,4,4312,10,15523.2,Debit Card,Cancelled
ORD00996,2025-11-12,Pooja Mehta,Chennai,Electronics,Bluetooth Speaker,5,23370,0,116850.0,Credit Card,Completed
ORD00997,2025-01-15,Sneha Mishra,Indore,Clothing,T-Shirt,2,4151,10,7471.8,Debit Card,Completed
ORD00998,2024-05-03,Vikram Kumar,Chennai,Clothing,Jeans,5,2713,10,12208.5,Credit Card,Completed
ORD00999,2025-11-22,Amit Singh,Pune,Electronics,Power Bank,5,1957,0,9785.0,Cash on Delivery,Completed
ORD01000,2025-01-31,Aditya Sharma,Hyderabad,Books,SQL for Beginners,5,731,10,3289.5,Debit Card,Completed
ORD01001,2025-06-20,Aditi Yadav,Mumbai,Electronics,Bluetooth Speaker,3,12802,15,32645.1,Cash on Delivery,Cancelled
ORD01002,2025-05-04,Priya Sharma,Hyderabad,Beauty,Perfume,3,1252,0,3756.0,Debit Card,Cancelled
ORD01003,2024-02-13,Aarav Soni,Bengaluru,Books,Data Analytics,3,1195,20,2868.0,Credit Card,Completed
ORD01004,2025-06-06,Arjun Gupta,Mumbai,Home & Kitchen,Water Bottle,1,6990,15,5941.5,Cash on Delivery,Completed
ORD01005,2025-12-02,Kavya Verma,Hyderabad,Books,SQL for Beginners,2,611,15,1038.7,Debit Card,Completed
ORD01006,2024-07-03,Aditya Singh,Ahmedabad,Beauty,Face Wash,2,937,15,1592.9,Debit Card,Completed
ORD01007,2025-10-07,Sahil Shah,Bengaluru,Beauty,Shampoo,2,273,5,518.7,Net Banking,Cancelled
ORD01008,2025-03-27,Rahul Joshi,Jaipur,Clothing,Sneakers,4,4629,5,17590.2,Credit Card,Returned
ORD01009,2025-10-07,Vivaan Gupta,Ahmedabad,Beauty,Sunscreen,1,1211,20,968.8,UPI,Completed
ORD01010,2024-06-05,Pooja Jain,Mumbai,Books,SQL for Beginners,5,1719,0,8595.0,UPI,Completed
ORD01011,2024-07-07,Ananya Soni,Hyderabad,Beauty,Sunscreen,4,1442,0,5768.0,Cash on Delivery,Completed
ORD01012,2025-06-24,Kavya Jain,Hyderabad,Electronics,Smartwatch,3,62680,20,150432.0,Credit Card,Completed
ORD01013,2025-10-10,Priya Soni,Hyderabad,Electronics,Smartphone,5,53502,20,214008.0,Credit Card,Completed
ORD01014,2024-10-31,Vikram Jain,Bengaluru,Books,Data Analytics,3,1775,10,4792.5,Debit Card,Returned
ORD01015,2025-07-14,Neha Agarwal,Indore,Electronics,Smartwatch,1,4891,10,4401.9,Net Banking,Completed
ORD01016,2024-05-13,Vikram Gupta,Chennai,Books,Python Programming,3,670,15,1708.5,Cash on Delivery,Returned
ORD01017,2024-02-10,Kunal Agarwal,Bhopal,Home & Kitchen,Coffee Maker,3,1915,5,5457.75,Cash on Delivery,Completed
ORD01018,2025-04-01,Aarav Kumar,Bengaluru,Beauty,Sunscreen,5,3300,20,13200.0,Credit Card,Completed
ORD01019,2024-01-23,Neha Shah,Chennai,Books,SQL for Beginners,4,979,0,3916.0,Cash on Delivery,Completed
ORD01020,2025-12-15,Isha Agarwal,Mumbai,Clothing,Sneakers,4,1567,5,5954.6,Cash on Delivery,Cancelled
ORD01021,2025-07-10,Meera Singh,Delhi,Books,Fiction Novel,3,962,5,2741.7,Net Banking,Returned
ORD01022,2025-05-22,Aditya Jain,Ahmedabad,Books,SQL for Beginners,3,1786,15,4554.3,Debit Card,Completed
ORD01023,2025-12-25,Kavya Agarwal,Delhi,Books,Data Analytics,3,1219,10,3291.3,UPI,Cancelled
ORD01024,2024-05-30,Vikram Kumar,Ahmedabad,Beauty,Perfume,3,2071,20,4970.4,Debit Card,Returned
ORD01025,2025-09-01,Neha Yadav,Chennai,Clothing,Kurta,3,2815,15,7178.25,Debit Card,Completed
ORD01026,2025-11-28,Amit Jain,Delhi,Books,Business Management,2,878,10,1580.4,Credit Card,Completed
ORD01027,2024-04-26,Kunal Gupta,Indore,Clothing,Jacket,4,1377,20,4406.4,Debit Card,Returned
ORD01028,2025-02-23,Priya Sharma,Mumbai,Home & Kitchen,Water Bottle,3,2579,10,6963.3,Credit Card,Completed
ORD01029,2024-02-03,Amit Agarwal,Indore,Electronics,Bluetooth Speaker,4,28091,15,95509.4,Debit Card,Completed
ORD01030,2025-02-16,Kavya Jain,Mumbai,Beauty,Perfume,3,1084,0,3252.0,Net Banking,Returned
ORD01031,2025-04-23,Pooja Verma,Jaipur,Beauty,Shampoo,2,744,15,1264.8,Debit Card,Completed
ORD01032,2024-07-04,Rahul Verma,Indore,Clothing,Sneakers,5,2224,10,10008.0,UPI,Completed
ORD01033,2025-03-01,Kavya Jain,Indore,Home & Kitchen,Cookware Set,3,10956,15,27937.8,Debit Card,Returned
ORD01034,2025-03-06,Rohan Mehta,Jaipur,Books,SQL for Beginners,5,627,20,2508.0,Cash on Delivery,Completed
ORD01035,2024-09-13,Aditi Verma,Chennai,Electronics,Smartwatch,3,2499,20,5997.6,Cash on Delivery,Cancelled
ORD01036,2024-07-10,Rohan Shah,Ahmedabad,Clothing,Sneakers,4,417,5,1584.6,Cash on Delivery,Cancelled
ORD01037,2024-11-08,Rahul Verma,Pune,Home & Kitchen,Mixer Grinder,4,11445,20,36624.0,Credit Card,Completed
ORD01038,2025-10-30,Rahul Shah,Delhi,Beauty,Perfume,4,1603,10,5770.8,Credit Card,Completed
ORD01039,2025-06-04,Sahil Yadav,Indore,Beauty,Sunscreen,5,1026,5,4873.5,Debit Card,Returned
ORD01040,2024-02-03,Vikram Mishra,Mumbai,Electronics,Smartwatch,4,10806,20,34579.2,UPI,Completed
ORD01041,2025-05-15,Priya Mishra,Bengaluru,Beauty,Face Wash,5,974,15,4139.5,Net Banking,Cancelled
ORD01042,2025-03-17,Pooja Malhotra,Delhi,Clothing,Jeans,1,1011,15,859.35,Cash on Delivery,Completed
ORD01043,2025-04-18,Aarav Mehta,Hyderabad,Home & Kitchen,Coffee Maker,2,11681,15,19857.7,Debit Card,Returned
ORD01044,2024-10-20,Rohan Mehta,Jaipur,Clothing,Jacket,5,1351,0,6755.0,Debit Card,Completed
ORD01045,2024-09-03,Vikram Yadav,Delhi,Electronics,Smartwatch,2,6494,10,11689.2,Credit Card,Completed
ORD01046,2024-11-29,Isha Gupta,Bengaluru,Books,Python Programming,2,630,0,1260.0,Net Banking,Completed
ORD01047,2025-02-03,Aditya Shah,Hyderabad,Electronics,Smartphone,5,19112,5,90782.0,Cash on Delivery,Completed
ORD01048,2025-06-24,Sahil Sharma,Jaipur,Home & Kitchen,Water Bottle,2,3979,5,7560.1,UPI,Cancelled
ORD01049,2024-12-04,Riya Sharma,Mumbai,Books,Business Management,4,345,15,1173.0,UPI,Returned
ORD01050,2025-09-09,Aditi Yadav,Indore,Electronics,Smartwatch,4,55875,5,212325.0,Debit Card,Completed
ORD01051,2024-07-18,Aarav Joshi,Pune,Beauty,Face Wash,1,3332,0,3332.0,UPI,Completed
ORD01052,2024-07-13,Isha Verma,Chennai,Clothing,Sneakers,1,2054,5,1951.3,Debit Card,Completed
ORD01053,2025-04-23,Sahil Soni,Pune,Electronics,Bluetooth Speaker,3,7331,15,18694.05,Debit Card,Completed
ORD01054,2024-10-13,Sneha Mishra,Hyderabad,Electronics,Power Bank,2,23721,20,37953.6,Debit Card,Returned
ORD01055,2025-12-19,Amit Joshi,Bhopal,Clothing,T-Shirt,5,484,20,1936.0,UPI,Cancelled
ORD01056,2025-08-19,Riya Soni,Ahmedabad,Home & Kitchen,Cookware Set,5,8722,0,43610.0,Credit Card,Completed
ORD01057,2024-05-21,Neha Kumar,Delhi,Home & Kitchen,Bedsheet,5,7038,0,35190.0,UPI,Cancelled
ORD01058,2025-08-03,Aarav Singh,Bhopal,Home & Kitchen,Coffee Maker,4,1156,0,4624.0,Credit Card,Completed
ORD01059,2024-05-02,Aditya Singh,Chennai,Electronics,Smartphone,4,15414,20,49324.8,Credit Card,Completed
ORD01060,2025-10-05,Ananya Shah,Delhi,Books,Python Programming,3,1692,10,4568.4,Debit Card,Returned
ORD01061,2025-05-09,Neha Joshi,Mumbai,Beauty,Perfume,2,2972,20,4755.2,Credit Card,Completed
ORD01062,2025-10-15,Aditya Gupta,Chennai,Clothing,Jacket,5,1052,15,4471.0,Debit Card,Completed
ORD01063,2025-04-10,Neha Shah,Delhi,Electronics,Smartwatch,3,55255,5,157476.75,UPI,Completed
ORD01064,2024-10-30,Aarav Singh,Ahmedabad,Home & Kitchen,Bedsheet,4,9832,20,31462.4,Credit Card,Completed
ORD01065,2024-05-27,Aditya Soni,Jaipur,Books,Python Programming,3,1164,15,2968.2,Cash on Delivery,Completed
ORD01066,2024-08-31,Neha Shah,Jaipur,Beauty,Sunscreen,5,1118,0,5590.0,Debit Card,Completed
ORD01067,2025-02-12,Kunal Patel,Indore,Electronics,Smartphone,3,31508,20,75619.2,Cash on Delivery,Returned
ORD01068,2024-10-22,Aarav Mishra,Jaipur,Clothing,Jacket,4,3630,20,11616.0,UPI,Completed
ORD01069,2024-06-24,Aditi Yadav,Bengaluru,Clothing,Kurta,1,864,10,777.6,Net Banking,Completed
ORD01070,2024-03-14,Kunal Mehta,Pune,Books,Python Programming,4,621,20,1987.2,Debit Card,Completed
ORD01071,2025-03-07,Isha Kumar,Hyderabad,Books,Data Analytics,5,1584,0,7920.0,Credit Card,Completed
ORD01072,2025-11-17,Kunal Jain,Indore,Home & Kitchen,Water Bottle,1,9383,10,8444.7,Credit Card,Returned
ORD01073,2024-06-01,Aarav Jain,Hyderabad,Home & Kitchen,Mixer Grinder,3,5656,15,14422.8,Net Banking,Completed
ORD01074,2025-07-03,Ananya Shah,Chennai,Beauty,Shampoo,4,3344,20,10700.8,Net Banking,Returned
ORD01075,2025-04-16,Aarav Mehta,Bhopal,Electronics,Bluetooth Speaker,2,20287,0,40574.0,Credit Card,Completed
ORD01076,2025-09-15,Kavya Jain,Bhopal,Home & Kitchen,Bedsheet,5,727,10,3271.5,Credit Card,Returned
ORD01077,2024-12-22,Arjun Mehta,Chennai,Electronics,Bluetooth Speaker,5,15301,0,76505.0,UPI,Cancelled
ORD01078,2025-04-18,Sneha Joshi,Bengaluru,Clothing,Jacket,5,1368,0,6840.0,Net Banking,Completed
ORD01079,2024-09-04,Riya Malhotra,Chennai,Home & Kitchen,Water Bottle,2,5713,0,11426.0,UPI,Completed
ORD01080,2024-09-12,Sneha Jain,Pune,Clothing,Kurta,1,4351,10,3915.9,Credit Card,Returned
ORD01081,2024-01-20,Isha Patel,Chennai,Books,SQL for Beginners,3,561,10,1514.7,Credit Card,Returned
ORD01082,2024-05-01,Priya Kumar,Chennai,Beauty,Face Wash,4,3198,20,10233.6,Cash on Delivery,Completed
ORD01083,2024-10-01,Rahul Mehta,Ahmedabad,Books,Fiction Novel,4,736,5,2796.8,Debit Card,Returned
ORD01084,2024-06-04,Arjun Malhotra,Hyderabad,Books,Fiction Novel,5,870,15,3697.5,Cash on Delivery,Completed
ORD01085,2024-11-02,Pooja Soni,Mumbai,Beauty,Perfume,1,1089,0,1089.0,Debit Card,Completed
ORD01086,2025-05-11,Kavya Gupta,Mumbai,Electronics,Bluetooth Speaker,2,11246,5,21367.4,Net Banking,Completed
ORD01087,2025-01-09,Pooja Singh,Delhi,Books,Data Analytics,5,1633,10,7348.5,Debit Card,Cancelled
ORD01088,2025-07-07,Riya Singh,Delhi,Home & Kitchen,Cookware Set,4,3243,5,12323.4,Credit Card,Completed
ORD01089,2025-05-05,Aditi Mehta,Chennai,Books,Python Programming,1,1669,10,1502.1,Net Banking,Completed
ORD01090,2024-05-14,Rahul Patel,Bengaluru,Beauty,Sunscreen,2,1009,10,1816.2,UPI,Completed
ORD01091,2024-07-04,Neha Joshi,Ahmedabad,Beauty,Sunscreen,2,1523,20,2436.8,Net Banking,Returned
ORD01092,2024-12-28,Aarav Mehta,Hyderabad,Home & Kitchen,Coffee Maker,2,11652,10,20973.6,Debit Card,Cancelled
ORD01093,2025-01-13,Sneha Mishra,Chennai,Electronics,Power Bank,1,8028,0,8028.0,Net Banking,Cancelled
ORD01094,2025-05-27,Vikram Malhotra,Bengaluru,Clothing,Jacket,2,501,5,951.9,Cash on Delivery,Completed
ORD01095,2024-11-08,Isha Kumar,Bhopal,Beauty,Shampoo,4,3373,15,11468.2,Cash on Delivery,Cancelled
ORD01096,2024-03-31,Priya Singh,Pune,Books,Fiction Novel,2,1563,10,2813.4,Net Banking,Cancelled
ORD01097,2024-04-10,Pooja Agarwal,Jaipur,Beauty,Shampoo,2,1120,10,2016.0,Net Banking,Completed
ORD01098,2024-08-10,Pooja Jain,Hyderabad,Electronics,Wireless Headphones,4,10343,20,33097.6,Cash on Delivery,Returned
ORD01099,2024-02-13,Sneha Soni,Indore,Electronics,Wireless Headphones,2,34139,20,54622.4,Cash on Delivery,Completed
ORD01100,2024-12-30,Amit Sharma,Mumbai,Beauty,Shampoo,5,2816,0,14080.0,UPI,Completed
ORD01101,2024-05-26,Aditya Patel,Bengaluru,Home & Kitchen,Coffee Maker,5,10050,15,42712.5,Net Banking,Completed
ORD01102,2024-11-02,Kavya Sharma,Ahmedabad,Clothing,Sneakers,3,2086,20,5006.4,Cash on Delivery,Completed
ORD01103,2024-12-21,Priya Malhotra,Mumbai,Home & Kitchen,Water Bottle,5,8855,20,35420.0,UPI,Completed
ORD01104,2025-07-17,Isha Soni,Ahmedabad,Beauty,Perfume,2,3028,15,5147.6,Net Banking,Completed
ORD01105,2024-05-02,Vivaan Mehta,Bhopal,Home & Kitchen,Cookware Set,3,6198,15,15804.9,Debit Card,Completed
ORD01106,2025-06-27,Kunal Agarwal,Indore,Beauty,Face Wash,2,604,10,1087.2,Debit Card,Cancelled
ORD01107,2025-05-29,Riya Yadav,Bhopal,Books,Data Analytics,1,372,20,297.6,Credit Card,Returned
ORD01108,2025-04-09,Sahil Agarwal,Mumbai,Clothing,Jacket,4,949,15,3226.6,UPI,Returned
ORD01109,2025-02-03,Rohan Gupta,Mumbai,Beauty,Sunscreen,2,915,10,1647.0,Cash on Delivery,Completed
ORD01110,2025-07-21,Kunal Agarwal,Ahmedabad,Beauty,Perfume,3,3277,0,9831.0,Debit Card,Returned
ORD01111,2024-05-19,Riya Yadav,Indore,Books,Python Programming,1,1434,5,1362.3,Net Banking,Returned
ORD01112,2024-03-10,Aditi Patel,Pune,Electronics,Power Bank,2,18990,0,37980.0,Debit Card,Cancelled
ORD01113,2025-01-07,Rahul Mehta,Mumbai,Home & Kitchen,Mixer Grinder,2,4451,5,8456.9,Net Banking,Cancelled
ORD01114,2025-06-24,Aarav Sharma,Bhopal,Electronics,Wireless Headphones,1,46147,20,36917.6,Debit Card,Completed
ORD01115,2024-05-05,Aditya Yadav,Chennai,Books,Business Management,5,238,20,952.0,Cash on Delivery,Completed
ORD01116,2025-02-02,Amit Kumar,Mumbai,Home & Kitchen,Cookware Set,3,10430,15,26596.5,Credit Card,Completed
ORD01117,2025-02-24,Vikram Mehta,Delhi,Clothing,Jacket,2,4482,10,8067.6,Net Banking,Completed
ORD01118,2025-09-05,Vikram Kumar,Mumbai,Beauty,Moisturizer,3,1117,0,3351.0,Debit Card,Completed
ORD01119,2025-05-03,Aditya Malhotra,Bhopal,Clothing,Jeans,2,3001,0,6002.0,Debit Card,Completed
ORD01120,2025-09-28,Isha Jain,Ahmedabad,Home & Kitchen,Mixer Grinder,1,8095,15,6880.75,Cash on Delivery,Cancelled
ORD01121,2025-08-25,Priya Patel,Delhi,Home & Kitchen,Cookware Set,4,10061,20,32195.2,UPI,Completed
ORD01122,2025-04-09,Riya Yadav,Delhi,Books,Fiction Novel,4,1000,15,3400.0,Credit Card,Completed
ORD01123,2024-07-23,Neha Malhotra,Indore,Clothing,Kurta,5,1226,5,5823.5,Cash on Delivery,Completed
ORD01124,2025-02-16,Sneha Patel,Ahmedabad,Books,Business Management,2,1464,5,2781.6,Debit Card,Completed
ORD01125,2025-07-26,Rahul Sharma,Delhi,Electronics,Wireless Headphones,3,57426,15,146436.3,Debit Card,Completed
ORD01126,2024-12-06,Pooja Patel,Pune,Books,Data Analytics,1,692,5,657.4,Cash on Delivery,Returned
ORD01127,2025-11-18,Aditya Jain,Bengaluru,Books,SQL for Beginners,4,725,20,2320.0,UPI,Returned
ORD01128,2025-01-31,Sneha Shah,Hyderabad,Electronics,Smartphone,1,32985,20,26388.0,Net Banking,Completed
ORD01129,2025-01-02,Sahil Joshi,Indore,Electronics,Smartwatch,3,43034,10,116191.8,Credit Card,Completed
ORD01130,2025-08-01,Ananya Agarwal,Indore,Home & Kitchen,Bedsheet,2,2980,10,5364.0,UPI,Completed
ORD01131,2024-01-15,Ananya Agarwal,Jaipur,Clothing,Jeans,3,675,0,2025.0,UPI,Completed
ORD01132,2024-08-02,Aditi Kumar,Chennai,Beauty,Perfume,4,2751,0,11004.0,UPI,Cancelled
ORD01133,2025-01-19,Ananya Soni,Indore,Clothing,Jeans,5,416,15,1768.0,UPI,Completed
ORD01134,2025-10-05,Aditi Kumar,Bengaluru,Beauty,Face Wash,1,2829,0,2829.0,Debit Card,Cancelled
ORD01135,2024-07-29,Rohan Mehta,Delhi,Clothing,Jeans,4,1529,5,5810.2,Debit Card,Cancelled
ORD01136,2025-12-30,Sneha Mehta,Bengaluru,Home & Kitchen,Coffee Maker,2,7566,0,15132.0,UPI,Completed
ORD01137,2025-08-31,Rahul Kumar,Indore,Home & Kitchen,Bedsheet,4,5160,0,20640.0,Cash on Delivery,Completed
ORD01138,2025-12-11,Isha Yadav,Ahmedabad,Books,Fiction Novel,2,260,0,520.0,UPI,Cancelled
ORD01139,2024-05-13,Meera Verma,Bengaluru,Books,Python Programming,2,430,0,860.0,UPI,Completed
ORD01140,2025-11-02,Sneha Mishra,Chennai,Clothing,Kurta,2,2719,10,4894.2,Net Banking,Completed
ORD01141,2024-04-16,Amit Joshi,Mumbai,Clothing,Sneakers,2,3028,20,4844.8,Net Banking,Returned
ORD01142,2024-05-06,Rohan Soni,Delhi,Books,Data Analytics,5,590,20,2360.0,Debit Card,Completed
ORD01143,2025-04-03,Neha Soni,Chennai,Home & Kitchen,Coffee Maker,5,8423,5,40009.25,Cash on Delivery,Returned
ORD01144,2024-07-23,Vikram Jain,Hyderabad,Beauty,Moisturizer,5,2313,5,10986.75,UPI,Completed
ORD01145,2024-09-21,Aditya Kumar,Pune,Home & Kitchen,Cookware Set,2,321,10,577.8,UPI,Completed
ORD01146,2024-09-17,Sahil Malhotra,Pune,Home & Kitchen,Cookware Set,4,7118,20,22777.6,Credit Card,Completed
ORD01147,2025-01-26,Sneha Joshi,Chennai,Clothing,Sneakers,5,3430,20,13720.0,UPI,Completed
ORD01148,2025-04-22,Sneha Jain,Delhi,Clothing,Jeans,4,2327,15,7911.8,Cash on Delivery,Completed
ORD01149,2025-04-07,Arjun Yadav,Chennai,Clothing,T-Shirt,4,4359,20,13948.8,Debit Card,Completed
ORD01150,2025-04-14,Arjun Soni,Hyderabad,Books,Fiction Novel,4,1161,0,4644.0,Net Banking,Completed
ORD01151,2025-01-06,Riya Gupta,Mumbai,Beauty,Face Wash,4,3060,5,11628.0,Debit Card,Completed
ORD01152,2024-01-09,Priya Jain,Bengaluru,Electronics,Smartwatch,1,5282,5,5017.9,UPI,Completed
ORD01153,2024-10-03,Ananya Malhotra,Hyderabad,Electronics,Smartphone,2,4390,20,7024.0,Net Banking,Completed
ORD01154,2024-10-28,Sahil Sharma,Bhopal,Clothing,Jacket,4,1882,20,6022.4,Credit Card,Completed
ORD01155,2024-07-17,Arjun Patel,Mumbai,Clothing,Jeans,4,572,5,2173.6,Credit Card,Returned
ORD01156,2024-08-02,Pooja Mishra,Bengaluru,Beauty,Shampoo,1,1856,15,1577.6,Credit Card,Returned
ORD01157,2025-06-16,Aarav Kumar,Indore,Electronics,Wireless Headphones,4,64067,10,230641.2,Net Banking,Completed
ORD01158,2024-08-13,Kavya Yadav,Jaipur,Books,Fiction Novel,4,1173,15,3988.2,Debit Card,Completed
ORD01159,2025-01-04,Vikram Agarwal,Bengaluru,Books,SQL for Beginners,4,343,15,1166.2,Credit Card,Completed
ORD01160,2025-01-24,Aarav Verma,Bhopal,Electronics,Power Bank,4,38176,5,145068.8,Credit Card,Completed
ORD01161,2024-11-02,Rahul Mehta,Bengaluru,Home & Kitchen,Coffee Maker,3,4320,0,12960.0,UPI,Completed
ORD01162,2024-03-06,Aarav Patel,Chennai,Electronics,Power Bank,2,40220,15,68374.0,Credit Card,Completed
ORD01163,2025-08-08,Amit Patel,Delhi,Books,SQL for Beginners,3,1790,10,4833.0,Debit Card,Returned
ORD01164,2024-03-21,Kavya Yadav,Bhopal,Books,Python Programming,3,1784,5,5084.4,Cash on Delivery,Completed
ORD01165,2024-07-19,Aarav Shah,Chennai,Electronics,Smartphone,3,25030,0,75090.0,Debit Card,Cancelled
ORD01166,2025-06-17,Kavya Agarwal,Chennai,Clothing,T-Shirt,4,439,0,1756.0,Cash on Delivery,Completed
ORD01167,2025-06-11,Neha Yadav,Pune,Books,Data Analytics,4,1467,10,5281.2,Debit Card,Cancelled
ORD01168,2024-04-26,Meera Gupta,Mumbai,Books,Python Programming,1,631,0,631.0,Credit Card,Completed
ORD01169,2024-11-03,Aarav Verma,Bhopal,Beauty,Moisturizer,5,1545,15,6566.25,Net Banking,Returned
ORD01170,2024-12-26,Aditi Joshi,Chennai,Beauty,Face Wash,1,2057,15,1748.45,UPI,Cancelled
ORD01171,2025-03-11,Ananya Jain,Pune,Electronics,Wireless Headphones,1,52016,5,49415.2,UPI,Completed
ORD01172,2024-11-06,Rohan Shah,Mumbai,Beauty,Face Wash,4,517,15,1757.8,Cash on Delivery,Cancelled
ORD01173,2025-03-08,Rahul Mishra,Pune,Beauty,Sunscreen,1,2068,5,1964.6,Debit Card,Completed
ORD01174,2025-12-10,Aditya Gupta,Delhi,Books,Python Programming,3,648,0,1944.0,Credit Card,Cancelled
ORD01175,2025-08-23,Kavya Sharma,Mumbai,Clothing,Jacket,1,1608,20,1286.4,Cash on Delivery,Completed
ORD01176,2024-06-05,Sneha Mehta,Chennai,Home & Kitchen,Mixer Grinder,5,6412,15,27251.0,Net Banking,Returned
ORD01177,2025-10-01,Vivaan Jain,Indore,Electronics,Smartphone,4,41855,10,150678.0,Net Banking,Completed
ORD01178,2025-02-21,Arjun Yadav,Bengaluru,Beauty,Moisturizer,5,2032,0,10160.0,Cash on Delivery,Completed
ORD01179,2024-05-10,Aditi Joshi,Mumbai,Clothing,T-Shirt,2,4715,0,9430.0,UPI,Completed
ORD01180,2025-07-14,Aditi Gupta,Chennai,Electronics,Smartwatch,4,1884,10,6782.4,UPI,Returned
ORD01181,2024-05-14,Arjun Patel,Delhi,Clothing,Jeans,2,3770,15,6409.0,Cash on Delivery,Completed
ORD01182,2024-10-19,Rohan Gupta,Bengaluru,Beauty,Sunscreen,2,3394,20,5430.4,UPI,Completed
ORD01183,2025-02-05,Amit Verma,Bhopal,Home & Kitchen,Cookware Set,5,5021,15,21339.25,Cash on Delivery,Completed
ORD01184,2025-03-16,Kavya Kumar,Bhopal,Electronics,Wireless Headphones,1,52875,15,44943.75,Credit Card,Completed
ORD01185,2024-04-21,Rohan Malhotra,Chennai,Electronics,Power Bank,5,41486,15,176315.5,UPI,Completed
ORD01186,2024-06-07,Kavya Shah,Delhi,Home & Kitchen,Water Bottle,1,1250,15,1062.5,UPI,Completed
ORD01187,2024-05-17,Aditi Singh,Pune,Home & Kitchen,Mixer Grinder,3,4037,0,12111.0,Cash on Delivery,Completed
ORD01188,2025-09-26,Kunal Kumar,Pune,Books,Business Management,5,850,20,3400.0,Net Banking,Completed
ORD01189,2024-07-11,Rohan Shah,Chennai,Beauty,Shampoo,2,1651,20,2641.6,Debit Card,Returned
ORD01190,2024-02-23,Riya Soni,Mumbai,Clothing,T-Shirt,4,2287,0,9148.0,Net Banking,Completed
ORD01191,2025-03-21,Rohan Agarwal,Jaipur,Books,Data Analytics,4,1327,20,4246.4,Credit Card,Completed
ORD01192,2025-03-08,Sneha Joshi,Pune,Electronics,Bluetooth Speaker,5,30872,0,154360.0,Credit Card,Returned
ORD01193,2025-05-22,Aditya Verma,Ahmedabad,Books,SQL for Beginners,2,1597,10,2874.6,UPI,Returned
ORD01194,2024-05-08,Vikram Jain,Ahmedabad,Books,Python Programming,1,1001,5,950.95,Net Banking,Completed
ORD01195,2024-06-26,Rahul Yadav,Ahmedabad,Books,Python Programming,4,1220,10,4392.0,Credit Card,Completed
ORD01196,2025-06-10,Aditi Joshi,Ahmedabad,Books,Data Analytics,2,1008,5,1915.2,Net Banking,Completed
ORD01197,2024-02-27,Riya Kumar,Indore,Home & Kitchen,Water Bottle,5,961,15,4084.25,UPI,Completed
ORD01198,2025-11-19,Isha Gupta,Jaipur,Beauty,Perfume,4,1304,15,4433.6,Debit Card,Completed
ORD01199,2025-10-05,Ananya Gupta,Ahmedabad,Beauty,Perfume,5,1506,0,7530.0,UPI,Cancelled
ORD01200,2024-03-20,Amit Sharma,Ahmedabad,Electronics,Power Bank,3,53603,10,144728.1,Net Banking,Completed
ORD01201,2025-05-29,Aditya Singh,Jaipur,Books,Fiction Novel,1,1258,15,1069.3,UPI,Returned
ORD01202,2024-02-15,Neha Joshi,Delhi,Home & Kitchen,Water Bottle,1,10236,20,8188.8,Credit Card,Returned
ORD01203,2024-08-09,Rahul Joshi,Delhi,Electronics,Smartwatch,1,25900,10,23310.0,Cash on Delivery,Completed
ORD01204,2025-11-09,Sahil Mishra,Indore,Beauty,Moisturizer,4,347,20,1110.4,Net Banking,Completed
ORD01205,2024-07-29,Ananya Soni,Bengaluru,Clothing,Jeans,3,826,0,2478.0,Cash on Delivery,Completed
ORD01206,2025-05-29,Amit Gupta,Hyderabad,Home & Kitchen,Water Bottle,1,2820,5,2679.0,UPI,Completed
ORD01207,2024-03-06,Sahil Singh,Mumbai,Electronics,Wireless Headphones,1,26978,10,24280.2,Debit Card,Completed
ORD01208,2024-05-20,Kavya Gupta,Indore,Beauty,Moisturizer,5,912,20,3648.0,Debit Card,Returned
ORD01209,2025-03-16,Aditi Soni,Delhi,Beauty,Sunscreen,3,884,5,2519.4,Credit Card,Completed
ORD01210,2024-04-04,Neha Patel,Hyderabad,Home & Kitchen,Bedsheet,2,1112,15,1890.4,UPI,Cancelled
ORD01211,2024-12-06,Amit Mishra,Bengaluru,Home & Kitchen,Mixer Grinder,3,656,15,1672.8,Credit Card,Returned
ORD01212,2024-01-20,Rahul Soni,Bengaluru,Electronics,Smartwatch,1,1585,20,1268.0,Net Banking,Completed
ORD01213,2025-03-13,Aarav Mehta,Jaipur,Beauty,Perfume,2,973,20,1556.8,Debit Card,Completed
ORD01214,2024-07-04,Aditi Gupta,Chennai,Clothing,T-Shirt,5,1845,10,8302.5,Debit Card,Cancelled
ORD01215,2025-12-19,Kunal Singh,Indore,Beauty,Perfume,3,1489,15,3796.95,Credit Card,Cancelled
ORD01216,2025-12-27,Sahil Sharma,Hyderabad,Home & Kitchen,Bedsheet,3,2023,10,5462.1,Cash on Delivery,Returned
ORD01217,2025-11-30,Rahul Malhotra,Hyderabad,Books,Business Management,4,429,10,1544.4,Credit Card,Completed
ORD01218,2024-03-29,Rohan Singh,Bengaluru,Books,Python Programming,4,1374,10,4946.4,UPI,Completed
ORD01219,2024-11-13,Aditya Shah,Indore,Home & Kitchen,Bedsheet,5,3993,15,16970.25,Cash on Delivery,Cancelled
ORD01220,2024-02-11,Neha Mehta,Mumbai,Clothing,T-Shirt,1,3703,10,3332.7,Credit Card,Completed
ORD01221,2025-10-29,Amit Kumar,Chennai,Electronics,Smartphone,4,34271,0,137084.0,Debit Card,Completed
ORD01222,2025-12-24,Rahul Singh,Bengaluru,Electronics,Smartphone,3,3695,15,9422.25,Credit Card,Completed
ORD01223,2024-05-04,Pooja Joshi,Mumbai,Clothing,Jeans,3,4568,5,13018.8,Net Banking,Completed
ORD01224,2025-02-24,Arjun Jain,Chennai,Electronics,Smartphone,5,62604,10,281718.0,Credit Card,Completed
ORD01225,2025-12-20,Priya Verma,Pune,Home & Kitchen,Cookware Set,4,11810,0,47240.0,Net Banking,Cancelled
ORD01226,2025-04-09,Kavya Shah,Delhi,Books,Python Programming,4,668,10,2404.8,Net Banking,Completed
ORD01227,2024-04-28,Amit Mehta,Bengaluru,Clothing,T-Shirt,2,1640,10,2952.0,Cash on Delivery,Cancelled
ORD01228,2024-07-04,Amit Sharma,Delhi,Home & Kitchen,Coffee Maker,1,11632,10,10468.8,Credit Card,Cancelled
ORD01229,2025-06-27,Kavya Kumar,Jaipur,Electronics,Smartwatch,4,9372,15,31864.8,Cash on Delivery,Returned
ORD01230,2024-01-04,Kavya Yadav,Hyderabad,Beauty,Face Wash,1,492,5,467.4,Credit Card,Completed
ORD01231,2024-02-18,Pooja Malhotra,Hyderabad,Beauty,Sunscreen,1,1518,20,1214.4,Net Banking,Cancelled
ORD01232,2024-03-21,Pooja Agarwal,Chennai,Home & Kitchen,Bedsheet,1,4314,15,3666.9,Net Banking,Returned
ORD01233,2025-03-09,Riya Shah,Pune,Electronics,Smartphone,3,2562,0,7686.0,Debit Card,Returned
ORD01234,2025-10-17,Priya Patel,Chennai,Clothing,Jeans,5,1511,15,6421.75,Credit Card,Cancelled
ORD01235,2025-12-19,Amit Mehta,Pune,Electronics,Smartphone,2,58570,10,105426.0,UPI,Cancelled
ORD01236,2024-12-23,Riya Kumar,Ahmedabad,Books,Python Programming,1,951,20,760.8,Credit Card,Returned
ORD01237,2024-02-02,Isha Agarwal,Hyderabad,Clothing,T-Shirt,5,870,0,4350.0,Cash on Delivery,Completed
ORD01238,2024-02-06,Kunal Malhotra,Bhopal,Electronics,Bluetooth Speaker,5,36586,10,164637.0,UPI,Completed
ORD01239,2024-10-22,Priya Soni,Bhopal,Electronics,Wireless Headphones,1,36742,20,29393.6,Cash on Delivery,Cancelled
ORD01240,2024-04-05,Vivaan Singh,Hyderabad,Books,SQL for Beginners,1,362,20,289.6,Debit Card,Completed
ORD01241,2024-12-05,Riya Kumar,Bengaluru,Clothing,Sneakers,1,4279,15,3637.15,Cash on Delivery,Completed
ORD01242,2025-10-27,Kunal Soni,Bengaluru,Beauty,Moisturizer,4,591,5,2245.8,Net Banking,Completed
ORD01243,2025-06-24,Vikram Soni,Bhopal,Clothing,Kurta,5,4767,0,23835.0,Credit Card,Completed
ORD01244,2025-01-09,Neha Malhotra,Indore,Electronics,Smartphone,3,48714,0,146142.0,Cash on Delivery,Completed
ORD01245,2025-08-27,Vikram Sharma,Pune,Electronics,Power Bank,5,25033,0,125165.0,Debit Card,Cancelled
ORD01246,2024-09-14,Aditi Joshi,Delhi,Home & Kitchen,Mixer Grinder,2,10200,20,16320.0,Net Banking,Completed
ORD01247,2025-07-20,Aarav Kumar,Pune,Electronics,Bluetooth Speaker,2,54293,0,108586.0,Debit Card,Cancelled
ORD01248,2025-02-19,Isha Singh,Hyderabad,Clothing,Sneakers,4,1828,15,6215.2,Net Banking,Completed
ORD01249,2024-07-10,Arjun Jain,Mumbai,Books,Python Programming,1,248,0,248.0,Net Banking,Completed
ORD01250,2024-04-14,Kavya Sharma,Ahmedabad,Beauty,Sunscreen,4,570,15,1938.0,Debit Card,Completed
ORD01251,2024-12-05,Aditi Malhotra,Mumbai,Beauty,Shampoo,1,809,20,647.2,Debit Card,Returned
ORD01252,2024-06-27,Pooja Sharma,Delhi,Home & Kitchen,Cookware Set,3,10458,20,25099.2,Cash on Delivery,Completed
ORD01253,2025-05-03,Vikram Mishra,Mumbai,Clothing,Sneakers,2,975,5,1852.5,Debit Card,Returned
ORD01254,2025-04-20,Kavya Malhotra,Pune,Beauty,Face Wash,4,1643,10,5914.8,Net Banking,Cancelled
ORD01255,2024-09-06,Kavya Shah,Chennai,Clothing,Sneakers,4,2176,15,7398.4,Credit Card,Completed
ORD01256,2025-04-11,Sneha Shah,Bengaluru,Clothing,Sneakers,5,2980,15,12665.0,Debit Card,Returned
ORD01257,2025-07-24,Sahil Sharma,Bengaluru,Electronics,Wireless Headphones,2,37261,20,59617.6,UPI,Completed
ORD01258,2025-04-17,Neha Kumar,Pune,Home & Kitchen,Coffee Maker,5,8659,10,38965.5,Cash on Delivery,Cancelled
ORD01259,2025-02-15,Pooja Gupta,Bhopal,Electronics,Bluetooth Speaker,3,49207,0,147621.0,Cash on Delivery,Completed
ORD01260,2024-07-05,Rohan Shah,Delhi,Books,Python Programming,4,1068,10,3844.8,Credit Card,Completed
ORD01261,2024-04-10,Kunal Singh,Bengaluru,Clothing,Kurta,4,2537,0,10148.0,Credit Card,Completed
ORD01262,2024-05-16,Aditi Kumar,Bhopal,Electronics,Power Bank,5,25503,5,121139.25,Credit Card,Returned
ORD01263,2025-05-04,Sneha Singh,Ahmedabad,Clothing,Jeans,5,4667,10,21001.5,UPI,Completed
ORD01264,2025-04-10,Vivaan Soni,Mumbai,Electronics,Power Bank,2,19241,15,32709.7,Cash on Delivery,Cancelled
ORD01265,2024-07-03,Ananya Kumar,Ahmedabad,Beauty,Sunscreen,5,2682,20,10728.0,Net Banking,Completed
ORD01266,2024-11-04,Sneha Agarwal,Bengaluru,Home & Kitchen,Mixer Grinder,5,5311,20,21244.0,Net Banking,Completed
ORD01267,2025-05-19,Kavya Verma,Chennai,Electronics,Wireless Headphones,4,7643,10,27514.8,Net Banking,Completed
ORD01268,2024-12-03,Rahul Soni,Chennai,Books,Python Programming,3,1112,0,3336.0,UPI,Completed
ORD01269,2025-11-12,Rahul Jain,Jaipur,Electronics,Bluetooth Speaker,1,16793,10,15113.7,Cash on Delivery,Completed
ORD01270,2025-08-19,Kunal Soni,Bengaluru,Clothing,Jeans,1,4615,0,4615.0,Cash on Delivery,Completed
ORD01271,2025-01-30,Aditya Shah,Indore,Beauty,Moisturizer,1,1102,5,1046.9,Net Banking,Completed
ORD01272,2024-06-25,Sahil Verma,Chennai,Beauty,Shampoo,5,1210,5,5747.5,Credit Card,Completed
ORD01273,2024-07-19,Riya Malhotra,Delhi,Electronics,Smartwatch,2,29134,0,58268.0,Net Banking,Returned
ORD01274,2024-01-22,Ananya Shah,Bhopal,Books,Data Analytics,1,384,15,326.4,Net Banking,Completed
ORD01275,2025-05-07,Isha Kumar,Delhi,Electronics,Wireless Headphones,2,41825,15,71102.5,UPI,Completed
ORD01276,2024-08-22,Priya Mishra,Indore,Electronics,Bluetooth Speaker,4,64657,20,206902.4,UPI,Completed
ORD01277,2025-02-09,Aarav Joshi,Hyderabad,Books,SQL for Beginners,2,1391,0,2782.0,UPI,Completed
ORD01278,2025-01-10,Aditya Joshi,Jaipur,Books,Data Analytics,1,301,5,285.95,Cash on Delivery,Cancelled
ORD01279,2025-06-12,Aarav Gupta,Pune,Clothing,Kurta,1,4501,15,3825.85,UPI,Completed
ORD01280,2025-05-14,Priya Malhotra,Chennai,Beauty,Shampoo,3,2885,5,8222.25,Debit Card,Completed
ORD01281,2025-11-19,Kavya Patel,Pune,Electronics,Bluetooth Speaker,2,45090,10,81162.0,Debit Card,Completed
ORD01282,2024-11-07,Sneha Singh,Delhi,Home & Kitchen,Cookware Set,2,3083,15,5241.1,Credit Card,Completed
ORD01283,2024-05-02,Aditya Sharma,Chennai,Electronics,Bluetooth Speaker,4,5265,0,21060.0,Net Banking,Completed
ORD01284,2024-07-15,Isha Agarwal,Ahmedabad,Beauty,Sunscreen,4,297,5,1128.6,Debit Card,Completed
ORD01285,2024-01-18,Isha Malhotra,Ahmedabad,Beauty,Perfume,4,2345,5,8911.0,Debit Card,Cancelled
ORD01286,2025-12-26,Priya Agarwal,Bhopal,Beauty,Perfume,2,3108,20,4972.8,Cash on Delivery,Returned
ORD01287,2025-09-12,Ananya Jain,Jaipur,Books,Data Analytics,1,289,0,289.0,Cash on Delivery,Completed
ORD01288,2025-05-31,Neha Sharma,Ahmedabad,Electronics,Bluetooth Speaker,5,28899,0,144495.0,Debit Card,Completed
ORD01289,2025-06-24,Amit Agarwal,Delhi,Books,Python Programming,3,1045,20,2508.0,Cash on Delivery,Returned
ORD01290,2025-02-08,Pooja Mishra,Bengaluru,Beauty,Shampoo,5,1882,20,7528.0,UPI,Completed
ORD01291,2025-02-22,Arjun Mehta,Delhi,Home & Kitchen,Mixer Grinder,2,5026,10,9046.8,UPI,Returned
ORD01292,2024-12-28,Rohan Joshi,Indore,Beauty,Sunscreen,1,2608,20,2086.4,UPI,Completed
ORD01293,2024-10-06,Vivaan Patel,Jaipur,Electronics,Bluetooth Speaker,3,48013,5,136837.05,Debit Card,Completed
ORD01294,2024-01-05,Arjun Gupta,Delhi,Home & Kitchen,Mixer Grinder,2,7437,20,11899.2,Debit Card,Completed
ORD01295,2025-08-16,Vikram Agarwal,Bengaluru,Clothing,T-Shirt,3,3618,10,9768.6,Debit Card,Completed
ORD01296,2025-03-18,Kavya Yadav,Jaipur,Beauty,Moisturizer,1,2323,0,2323.0,UPI,Completed
ORD01297,2025-08-10,Meera Malhotra,Indore,Electronics,Power Bank,1,31693,20,25354.4,Credit Card,Completed
ORD01298,2024-10-13,Priya Agarwal,Bhopal,Clothing,Jeans,5,1772,20,7088.0,UPI,Completed
ORD01299,2025-01-07,Priya Sharma,Pune,Books,Data Analytics,3,641,5,1826.85,Credit Card,Completed
ORD01300,2024-10-29,Priya Agarwal,Jaipur,Home & Kitchen,Water Bottle,5,3136,20,12544.0,Net Banking,Completed
ORD01301,2024-11-16,Pooja Soni,Ahmedabad,Clothing,Kurta,2,4107,15,6981.9,Net Banking,Completed
ORD01302,2025-11-10,Vivaan Agarwal,Delhi,Home & Kitchen,Water Bottle,2,6060,15,10302.0,Cash on Delivery,Completed
ORD01303,2024-09-29,Sneha Singh,Bengaluru,Electronics,Bluetooth Speaker,5,42621,20,170484.0,Net Banking,Completed
ORD01304,2025-08-20,Ananya Jain,Hyderabad,Books,Python Programming,4,389,15,1322.6,Credit Card,Cancelled
ORD01305,2025-04-11,Kavya Shah,Pune,Home & Kitchen,Mixer Grinder,2,2917,0,5834.0,Credit Card,Completed
ORD01306,2025-09-11,Rahul Yadav,Indore,Clothing,Jeans,5,1489,0,7445.0,Debit Card,Completed
ORD01307,2024-02-05,Meera Sharma,Bengaluru,Clothing,Sneakers,1,4740,5,4503.0,Net Banking,Completed
ORD01308,2024-01-28,Isha Singh,Pune,Books,SQL for Beginners,2,1304,0,2608.0,Credit Card,Cancelled
ORD01309,2024-05-07,Vikram Kumar,Bhopal,Books,Python Programming,4,740,5,2812.0,UPI,Cancelled
ORD01310,2025-05-23,Amit Verma,Pune,Electronics,Bluetooth Speaker,5,48408,10,217836.0,UPI,Completed
ORD01311,2025-08-02,Meera Soni,Bhopal,Home & Kitchen,Mixer Grinder,3,5624,5,16028.4,Credit Card,Cancelled
ORD01312,2024-02-24,Isha Sharma,Jaipur,Books,Fiction Novel,5,472,10,2124.0,Debit Card,Returned
ORD01313,2025-02-07,Meera Singh,Ahmedabad,Home & Kitchen,Cookware Set,5,7781,10,35014.5,Cash on Delivery,Completed
ORD01314,2025-07-03,Amit Sharma,Bhopal,Clothing,Jeans,1,1568,5,1489.6,Debit Card,Completed
ORD01315,2024-04-21,Pooja Joshi,Bengaluru,Home & Kitchen,Mixer Grinder,2,6366,0,12732.0,Debit Card,Completed
ORD01316,2024-08-29,Pooja Yadav,Bhopal,Electronics,Bluetooth Speaker,1,61006,15,51855.1,UPI,Returned
ORD01317,2024-09-18,Pooja Mishra,Bhopal,Beauty,Face Wash,2,907,5,1723.3,Cash on Delivery,Cancelled
ORD01318,2024-11-10,Arjun Gupta,Mumbai,Beauty,Moisturizer,2,3356,15,5705.2,Credit Card,Completed
ORD01319,2025-02-23,Rahul Agarwal,Chennai,Home & Kitchen,Water Bottle,3,758,0,2274.0,Debit Card,Completed
ORD01320,2024-10-30,Riya Kumar,Hyderabad,Electronics,Power Bank,3,60741,15,154889.55,Credit Card,Returned
ORD01321,2025-06-01,Kunal Singh,Indore,Electronics,Smartphone,3,46516,0,139548.0,Debit Card,Returned
ORD01322,2024-06-16,Kunal Mishra,Delhi,Books,Data Analytics,5,1214,20,4856.0,Cash on Delivery,Completed
ORD01323,2024-05-29,Amit Mehta,Hyderabad,Home & Kitchen,Coffee Maker,2,1563,10,2813.4,Debit Card,Completed
ORD01324,2024-06-04,Aarav Verma,Chennai,Home & Kitchen,Bedsheet,1,8841,0,8841.0,Debit Card,Completed
ORD01325,2024-07-31,Kavya Yadav,Bhopal,Books,SQL for Beginners,3,594,0,1782.0,Credit Card,Completed
ORD01326,2024-08-11,Kavya Kumar,Bengaluru,Clothing,Sneakers,4,4554,15,15483.6,Debit Card,Completed
ORD01327,2024-01-04,Isha Mishra,Bengaluru,Electronics,Wireless Headphones,4,16200,20,51840.0,Cash on Delivery,Completed
ORD01328,2024-02-19,Sahil Gupta,Pune,Beauty,Sunscreen,4,937,0,3748.0,UPI,Completed
ORD01329,2024-01-08,Kavya Jain,Indore,Clothing,Jacket,3,920,10,2484.0,Credit Card,Completed
ORD01330,2025-03-01,Arjun Patel,Mumbai,Books,Business Management,3,350,20,840.0,Net Banking,Completed
ORD01331,2024-07-24,Ananya Yadav,Hyderabad,Beauty,Face Wash,2,659,10,1186.2,UPI,Completed
ORD01332,2025-04-13,Aditi Malhotra,Mumbai,Beauty,Shampoo,4,1901,20,6083.2,Debit Card,Completed
ORD01333,2024-11-22,Sahil Kumar,Indore,Clothing,Jeans,4,2658,20,8505.6,Credit Card,Cancelled
ORD01334,2024-12-08,Amit Kumar,Indore,Electronics,Wireless Headphones,3,2896,5,8253.6,Net Banking,Completed
ORD01335,2025-06-13,Amit Kumar,Indore,Clothing,T-Shirt,2,1687,10,3036.6,Debit Card,Completed
ORD01336,2024-12-19,Arjun Kumar,Delhi,Electronics,Wireless Headphones,5,58968,15,250614.0,Debit Card,Cancelled
ORD01337,2024-04-04,Pooja Gupta,Bhopal,Books,SQL for Beginners,5,1142,0,5710.0,Cash on Delivery,Completed
ORD01338,2025-10-21,Riya Singh,Bhopal,Electronics,Smartwatch,4,35064,15,119217.6,Net Banking,Returned
ORD01339,2024-01-11,Kunal Soni,Delhi,Home & Kitchen,Water Bottle,5,6416,20,25664.0,Debit Card,Completed
ORD01340,2025-12-05,Neha Verma,Ahmedabad,Books,Python Programming,2,1218,10,2192.4,UPI,Cancelled
ORD01341,2024-05-06,Priya Sharma,Hyderabad,Home & Kitchen,Mixer Grinder,2,5127,10,9228.6,UPI,Returned
ORD01342,2024-11-27,Isha Shah,Indore,Clothing,Sneakers,5,4464,20,17856.0,Credit Card,Completed
ORD01343,2025-01-18,Vivaan Kumar,Bengaluru,Books,Fiction Novel,2,676,15,1149.2,Cash on Delivery,Completed
ORD01344,2024-01-07,Meera Shah,Chennai,Clothing,Jeans,1,3829,0,3829.0,Net Banking,Cancelled
ORD01345,2025-08-13,Sneha Singh,Bengaluru,Clothing,Jacket,4,702,10,2527.2,Net Banking,Returned
ORD01346,2025-01-29,Arjun Patel,Hyderabad,Beauty,Perfume,3,813,0,2439.0,UPI,Returned
ORD01347,2025-12-12,Kavya Sharma,Chennai,Clothing,Sneakers,5,4809,10,21640.5,Net Banking,Completed
ORD01348,2024-12-22,Meera Mishra,Jaipur,Beauty,Sunscreen,4,810,20,2592.0,Credit Card,Completed
ORD01349,2024-11-14,Vikram Gupta,Hyderabad,Clothing,Jeans,5,2430,0,12150.0,Cash on Delivery,Completed
ORD01350,2024-02-06,Sahil Jain,Bhopal,Home & Kitchen,Coffee Maker,2,6411,0,12822.0,Credit Card,Completed
ORD01351,2025-10-04,Rohan Sharma,Chennai,Clothing,Jeans,1,3472,20,2777.6,UPI,Completed
ORD01352,2025-05-19,Meera Gupta,Mumbai,Home & Kitchen,Bedsheet,3,3965,15,10110.75,Cash on Delivery,Completed
ORD01353,2025-11-03,Amit Mishra,Chennai,Beauty,Face Wash,4,1935,5,7353.0,UPI,Completed
ORD01354,2024-04-21,Vikram Yadav,Mumbai,Electronics,Bluetooth Speaker,4,1669,0,6676.0,Debit Card,Completed
ORD01355,2024-04-16,Rohan Shah,Indore,Electronics,Smartphone,1,51534,0,51534.0,Debit Card,Completed
ORD01356,2025-10-06,Ananya Sharma,Jaipur,Clothing,Jacket,1,4785,20,3828.0,UPI,Completed
ORD01357,2025-05-16,Sneha Gupta,Pune,Home & Kitchen,Cookware Set,5,2516,15,10693.0,UPI,Completed
ORD01358,2024-07-24,Rohan Mehta,Indore,Books,Data Analytics,4,1175,5,4465.0,Credit Card,Completed
ORD01359,2025-11-23,Neha Mehta,Hyderabad,Books,SQL for Beginners,5,1059,0,5295.0,UPI,Completed
ORD01360,2025-12-28,Sahil Agarwal,Hyderabad,Clothing,T-Shirt,1,4636,15,3940.6,UPI,Cancelled
ORD01361,2025-02-18,Riya Agarwal,Indore,Books,Business Management,2,1222,0,2444.0,Debit Card,Completed
ORD01362,2024-01-13,Rohan Sharma,Bengaluru,Clothing,Kurta,2,442,0,884.0,UPI,Cancelled
ORD01363,2025-08-09,Aarav Yadav,Delhi,Clothing,Jacket,3,1622,10,4379.4,Net Banking,Completed
ORD01364,2024-11-14,Isha Agarwal,Indore,Books,Fiction Novel,4,1380,0,5520.0,UPI,Completed
ORD01365,2024-07-01,Pooja Agarwal,Hyderabad,Home & Kitchen,Cookware Set,3,3518,15,8970.9,Cash on Delivery,Completed
ORD01366,2025-07-10,Amit Yadav,Mumbai,Electronics,Bluetooth Speaker,3,64785,5,184637.25,Credit Card,Completed
ORD01367,2025-07-30,Sneha Sharma,Bhopal,Home & Kitchen,Bedsheet,5,738,0,3690.0,Cash on Delivery,Cancelled
ORD01368,2024-11-26,Kunal Jain,Mumbai,Beauty,Sunscreen,4,1055,10,3798.0,Net Banking,Returned
ORD01369,2024-11-05,Aditya Malhotra,Bhopal,Home & Kitchen,Water Bottle,1,3147,15,2674.95,Debit Card,Completed
ORD01370,2024-08-04,Kavya Mehta,Mumbai,Clothing,Jacket,2,3603,15,6125.1,Debit Card,Completed
ORD01371,2025-05-05,Arjun Agarwal,Delhi,Clothing,T-Shirt,1,2374,15,2017.9,Cash on Delivery,Cancelled
ORD01372,2024-07-27,Sneha Joshi,Pune,Home & Kitchen,Bedsheet,1,4178,20,3342.4,Debit Card,Completed
ORD01373,2025-04-30,Vivaan Agarwal,Pune,Electronics,Smartphone,3,55097,10,148761.9,Net Banking,Returned
ORD01374,2025-11-05,Aditi Soni,Bengaluru,Home & Kitchen,Coffee Maker,5,2701,15,11479.25,Credit Card,Returned
ORD01375,2024-01-20,Aditya Shah,Pune,Home & Kitchen,Bedsheet,3,8527,0,25581.0,Debit Card,Completed
ORD01376,2024-10-18,Sneha Singh,Ahmedabad,Home & Kitchen,Cookware Set,4,4543,10,16354.8,UPI,Completed
ORD01377,2024-01-03,Kavya Shah,Chennai,Beauty,Sunscreen,5,958,10,4311.0,Credit Card,Completed
ORD01378,2025-03-17,Amit Patel,Indore,Electronics,Bluetooth Speaker,5,49529,10,222880.5,Debit Card,Completed
ORD01379,2025-07-17,Ananya Joshi,Pune,Books,Fiction Novel,4,629,10,2264.4,Cash on Delivery,Cancelled
ORD01380,2025-05-01,Sneha Sharma,Mumbai,Electronics,Smartwatch,2,63107,10,113592.6,Credit Card,Cancelled
ORD01381,2025-05-11,Amit Shah,Chennai,Home & Kitchen,Coffee Maker,2,8987,10,16176.6,Debit Card,Completed
ORD01382,2025-07-23,Neha Soni,Hyderabad,Books,SQL for Beginners,4,1065,0,4260.0,Debit Card,Completed
ORD01383,2024-06-20,Riya Agarwal,Jaipur,Books,Python Programming,2,292,15,496.4,UPI,Completed
ORD01384,2025-11-21,Rahul Gupta,Bengaluru,Electronics,Wireless Headphones,4,57979,5,220320.2,Debit Card,Completed
ORD01385,2024-08-13,Sahil Joshi,Bhopal,Home & Kitchen,Bedsheet,5,9859,0,49295.0,Net Banking,Returned
ORD01386,2024-10-31,Aditya Malhotra,Bengaluru,Books,Business Management,1,1693,10,1523.7,Net Banking,Completed
ORD01387,2025-11-08,Arjun Sharma,Ahmedabad,Home & Kitchen,Cookware Set,3,10832,10,29246.4,UPI,Completed
ORD01388,2025-12-30,Aditi Sharma,Hyderabad,Home & Kitchen,Water Bottle,2,1420,15,2414.0,Debit Card,Completed
ORD01389,2025-12-05,Kavya Sharma,Ahmedabad,Books,Data Analytics,1,707,15,600.95,Debit Card,Cancelled
ORD01390,2025-02-24,Aarav Kumar,Delhi,Electronics,Smartwatch,4,63054,10,226994.4,Cash on Delivery,Completed
ORD01391,2024-01-03,Sahil Verma,Jaipur,Home & Kitchen,Cookware Set,4,5282,5,20071.6,Net Banking,Completed
ORD01392,2025-01-20,Sahil Agarwal,Ahmedabad,Clothing,T-Shirt,2,4982,20,7971.2,Cash on Delivery,Completed
ORD01393,2024-01-27,Ananya Kumar,Hyderabad,Electronics,Smartphone,1,64314,15,54666.9,Cash on Delivery,Returned
ORD01394,2024-07-31,Aarav Soni,Bhopal,Electronics,Smartphone,2,34875,15,59287.5,UPI,Completed
ORD01395,2025-12-11,Meera Shah,Chennai,Home & Kitchen,Bedsheet,3,4933,20,11839.2,Net Banking,Completed
ORD01396,2024-08-19,Isha Agarwal,Pune,Electronics,Bluetooth Speaker,2,33056,0,66112.0,Net Banking,Completed
ORD01397,2024-02-18,Amit Mehta,Pune,Books,Python Programming,1,639,20,511.2,Debit Card,Completed
ORD01398,2025-09-08,Arjun Soni,Hyderabad,Home & Kitchen,Bedsheet,5,3365,15,14301.25,Cash on Delivery,Completed
ORD01399,2024-07-03,Aditya Verma,Hyderabad,Beauty,Perfume,2,2318,20,3708.8,Debit Card,Completed
ORD01400,2025-08-09,Vikram Mishra,Hyderabad,Beauty,Perfume,5,1006,15,4275.5,Debit Card,Cancelled
ORD01401,2025-07-05,Isha Sharma,Mumbai,Electronics,Smartphone,5,11697,10,52636.5,Debit Card,Returned
ORD01402,2024-03-10,Aarav Mehta,Pune,Electronics,Smartphone,4,3179,0,12716.0,Debit Card,Returned
ORD01403,2025-10-23,Neha Sharma,Hyderabad,Home & Kitchen,Mixer Grinder,2,7256,5,13786.4,Net Banking,Completed
ORD01404,2024-03-21,Sahil Gupta,Bhopal,Electronics,Power Bank,5,21693,15,92195.25,Net Banking,Completed
ORD01405,2024-09-11,Pooja Sharma,Bhopal,Electronics,Power Bank,5,22860,20,91440.0,Net Banking,Completed
ORD01406,2025-11-08,Ananya Jain,Chennai,Books,SQL for Beginners,5,957,0,4785.0,Net Banking,Completed
ORD01407,2025-11-06,Rohan Mehta,Bhopal,Beauty,Sunscreen,1,1981,15,1683.85,Credit Card,Completed
ORD01408,2025-11-01,Aarav Patel,Jaipur,Beauty,Face Wash,4,2055,0,8220.0,UPI,Returned
ORD01409,2024-11-10,Pooja Shah,Jaipur,Home & Kitchen,Coffee Maker,2,2546,5,4837.4,UPI,Cancelled
ORD01410,2024-10-13,Kunal Singh,Pune,Beauty,Sunscreen,5,2279,10,10255.5,Net Banking,Cancelled
ORD01411,2025-07-20,Vikram Agarwal,Jaipur,Home & Kitchen,Bedsheet,2,3358,5,6380.2,Debit Card,Completed
ORD01412,2025-04-12,Sahil Patel,Bhopal,Home & Kitchen,Bedsheet,3,1969,20,4725.6,Cash on Delivery,Completed
ORD01413,2024-11-28,Arjun Mishra,Jaipur,Books,SQL for Beginners,3,809,0,2427.0,Credit Card,Completed
ORD01414,2024-09-27,Vivaan Singh,Chennai,Home & Kitchen,Mixer Grinder,5,5285,20,21140.0,Cash on Delivery,Completed
ORD01415,2024-05-29,Sahil Kumar,Jaipur,Books,SQL for Beginners,5,1761,10,7924.5,UPI,Completed
ORD01416,2024-12-11,Aditya Shah,Ahmedabad,Beauty,Face Wash,3,837,15,2134.35,UPI,Cancelled
ORD01417,2025-05-13,Neha Jain,Hyderabad,Beauty,Moisturizer,3,1864,0,5592.0,Credit Card,Cancelled
ORD01418,2024-06-24,Riya Joshi,Hyderabad,Electronics,Smartphone,4,40627,20,130006.4,UPI,Completed
ORD01419,2025-05-24,Neha Malhotra,Bengaluru,Home & Kitchen,Mixer Grinder,1,6709,15,5702.65,Cash on Delivery,Returned
ORD01420,2024-08-26,Sneha Mehta,Delhi,Books,Data Analytics,4,996,20,3187.2,UPI,Completed
ORD01421,2024-07-14,Kunal Jain,Jaipur,Home & Kitchen,Bedsheet,2,1981,20,3169.6,Net Banking,Completed
ORD01422,2024-06-07,Sahil Patel,Chennai,Books,Business Management,3,1322,20,3172.8,Debit Card,Completed
ORD01423,2024-05-23,Ananya Gupta,Hyderabad,Beauty,Perfume,5,583,15,2477.75,Net Banking,Returned
ORD01424,2025-03-17,Kavya Jain,Indore,Clothing,T-Shirt,5,3041,15,12924.25,Debit Card,Completed
ORD01425,2025-01-22,Sahil Mishra,Delhi,Books,Data Analytics,3,1728,10,4665.6,Cash on Delivery,Cancelled
ORD01426,2025-05-30,Sahil Gupta,Delhi,Beauty,Perfume,5,361,0,1805.0,UPI,Cancelled
ORD01427,2025-07-11,Sahil Shah,Chennai,Books,SQL for Beginners,1,385,0,385.0,Debit Card,Completed
ORD01428,2025-03-08,Neha Yadav,Hyderabad,Electronics,Smartphone,1,1416,10,1274.4,Debit Card,Cancelled
ORD01429,2024-08-03,Riya Jain,Bhopal,Electronics,Smartwatch,3,32689,15,83356.95,Debit Card,Completed
ORD01430,2025-10-10,Aarav Kumar,Bhopal,Books,SQL for Beginners,3,647,0,1941.0,Debit Card,Returned
ORD01431,2025-01-14,Aarav Yadav,Bengaluru,Books,Fiction Novel,1,398,10,358.2,UPI,Completed
ORD01432,2024-01-22,Sneha Mehta,Chennai,Books,Fiction Novel,2,778,5,1478.2,Net Banking,Completed
ORD01433,2025-01-12,Pooja Agarwal,Bhopal,Books,Fiction Novel,3,1551,20,3722.4,Debit Card,Completed
ORD01434,2025-02-06,Vikram Kumar,Bhopal,Beauty,Perfume,1,3495,15,2970.75,Cash on Delivery,Completed
ORD01435,2024-05-15,Aditi Mishra,Ahmedabad,Home & Kitchen,Cookware Set,4,11178,15,38005.2,Net Banking,Completed
ORD01436,2025-02-28,Meera Sharma,Jaipur,Clothing,Kurta,4,1752,10,6307.2,UPI,Cancelled
ORD01437,2024-09-01,Vikram Gupta,Chennai,Clothing,T-Shirt,1,4396,0,4396.0,Cash on Delivery,Completed
ORD01438,2025-12-25,Isha Singh,Delhi,Home & Kitchen,Coffee Maker,3,9440,5,26904.0,Cash on Delivery,Returned
ORD01439,2025-11-15,Isha Agarwal,Delhi,Home & Kitchen,Water Bottle,1,653,0,653.0,Cash on Delivery,Returned
ORD01440,2024-07-17,Sneha Patel,Ahmedabad,Home & Kitchen,Water Bottle,1,9496,5,9021.2,Credit Card,Returned
ORD01441,2025-03-02,Meera Singh,Indore,Electronics,Wireless Headphones,1,38926,10,35033.4,Credit Card,Completed
ORD01442,2024-01-29,Rahul Joshi,Chennai,Clothing,Jacket,5,2188,5,10393.0,Net Banking,Completed
ORD01443,2025-11-29,Priya Agarwal,Ahmedabad,Books,SQL for Beginners,1,1327,20,1061.6,UPI,Completed
ORD01444,2025-11-08,Vikram Agarwal,Hyderabad,Electronics,Bluetooth Speaker,2,13544,10,24379.2,Cash on Delivery,Completed
ORD01445,2024-02-27,Sahil Sharma,Ahmedabad,Electronics,Power Bank,1,20818,0,20818.0,Credit Card,Completed
ORD01446,2025-07-18,Aditya Malhotra,Jaipur,Books,Fiction Novel,4,1216,5,4620.8,UPI,Completed
ORD01447,2024-11-26,Neha Yadav,Delhi,Books,Fiction Novel,2,909,5,1727.1,Debit Card,Completed
ORD01448,2025-08-20,Isha Shah,Hyderabad,Books,Python Programming,5,1209,15,5138.25,UPI,Completed
ORD01449,2024-07-14,Sahil Agarwal,Delhi,Home & Kitchen,Coffee Maker,5,2734,15,11619.5,UPI,Completed
ORD01450,2025-01-01,Neha Agarwal,Delhi,Electronics,Smartphone,5,35749,20,142996.0,Net Banking,Returned
ORD01451,2024-03-18,Vivaan Singh,Delhi,Clothing,Jacket,4,1316,20,4211.2,Cash on Delivery,Returned
ORD01452,2024-04-13,Riya Kumar,Mumbai,Books,Business Management,5,1033,20,4132.0,Net Banking,Completed
ORD01453,2025-12-03,Aarav Singh,Mumbai,Books,Python Programming,4,521,15,1771.4,Credit Card,Completed
ORD01454,2024-09-25,Aarav Malhotra,Pune,Books,Data Analytics,1,699,10,629.1,Cash on Delivery,Completed
ORD01455,2025-06-02,Isha Yadav,Pune,Clothing,T-Shirt,4,4036,5,15336.8,Debit Card,Completed
ORD01456,2025-07-28,Neha Soni,Jaipur,Books,Fiction Novel,5,882,15,3748.5,UPI,Completed
ORD01457,2024-05-12,Meera Joshi,Mumbai,Clothing,Jacket,1,2553,15,2170.05,Debit Card,Completed
ORD01458,2024-03-15,Riya Mishra,Bengaluru,Beauty,Shampoo,2,2239,15,3806.3,Cash on Delivery,Completed
ORD01459,2025-04-26,Sneha Agarwal,Delhi,Beauty,Face Wash,4,3236,0,12944.0,Cash on Delivery,Returned
ORD01460,2024-12-23,Sahil Jain,Pune,Home & Kitchen,Cookware Set,5,7909,20,31636.0,Credit Card,Completed
ORD01461,2025-12-09,Sneha Malhotra,Indore,Electronics,Smartphone,4,24076,20,77043.2,Cash on Delivery,Completed
ORD01462,2024-08-12,Sahil Kumar,Hyderabad,Home & Kitchen,Mixer Grinder,5,11372,20,45488.0,Net Banking,Completed
ORD01463,2025-02-06,Ananya Shah,Delhi,Books,SQL for Beginners,3,845,0,2535.0,Cash on Delivery,Cancelled
ORD01464,2024-11-19,Vikram Jain,Bengaluru,Beauty,Sunscreen,4,3310,5,12578.0,Cash on Delivery,Completed
ORD01465,2024-06-10,Riya Gupta,Mumbai,Electronics,Smartphone,2,10410,20,16656.0,UPI,Completed
ORD01466,2025-01-24,Rohan Kumar,Bhopal,Beauty,Shampoo,5,2196,10,9882.0,Debit Card,Returned
ORD01467,2025-08-09,Aditi Kumar,Bengaluru,Electronics,Smartwatch,1,49815,0,49815.0,UPI,Cancelled
ORD01468,2025-07-24,Sneha Agarwal,Mumbai,Beauty,Shampoo,4,2156,15,7330.4,UPI,Returned
ORD01469,2025-02-20,Aditi Mishra,Hyderabad,Books,Data Analytics,4,1338,5,5084.4,Debit Card,Returned
ORD01470,2025-08-08,Aditya Mishra,Chennai,Home & Kitchen,Coffee Maker,4,5096,20,16307.2,Debit Card,Completed
ORD01471,2024-10-02,Ananya Sharma,Pune,Books,Business Management,5,397,5,1885.75,Credit Card,Completed
ORD01472,2024-04-30,Ananya Verma,Bengaluru,Beauty,Sunscreen,5,1669,10,7510.5,Debit Card,Returned
ORD01473,2025-08-10,Rohan Gupta,Chennai,Home & Kitchen,Water Bottle,1,3638,10,3274.2,Cash on Delivery,Completed
ORD01474,2024-10-03,Amit Yadav,Pune,Home & Kitchen,Mixer Grinder,2,1006,20,1609.6,Debit Card,Completed
ORD01475,2024-10-29,Arjun Singh,Delhi,Beauty,Perfume,1,515,0,515.0,Debit Card,Completed
ORD01476,2024-07-29,Rohan Kumar,Pune,Clothing,Jacket,2,1987,10,3576.6,Net Banking,Completed
ORD01477,2024-08-18,Vikram Verma,Jaipur,Books,Fiction Novel,1,1191,10,1071.9,UPI,Returned
ORD01478,2025-04-10,Rahul Yadav,Chennai,Home & Kitchen,Mixer Grinder,4,11874,0,47496.0,UPI,Completed
ORD01479,2025-02-07,Arjun Yadav,Jaipur,Beauty,Sunscreen,3,2165,15,5520.75,Credit Card,Returned
ORD01480,2025-01-20,Amit Shah,Bhopal,Books,Fiction Novel,1,282,15,239.7,Cash on Delivery,Completed
ORD01481,2024-05-06,Ananya Verma,Bhopal,Books,Fiction Novel,5,1651,5,7842.25,Net Banking,Completed
ORD01482,2025-07-01,Vikram Sharma,Pune,Home & Kitchen,Bedsheet,2,8919,0,17838.0,Credit Card,Completed
ORD01483,2025-10-19,Vikram Patel,Indore,Electronics,Bluetooth Speaker,5,24044,15,102187.0,Debit Card,Completed
ORD01484,2024-05-13,Vivaan Patel,Indore,Books,Fiction Novel,5,766,5,3638.5,Cash on Delivery,Cancelled
ORD01485,2025-11-09,Rohan Gupta,Hyderabad,Beauty,Shampoo,3,2788,5,7945.8,Cash on Delivery,Completed
ORD01486,2024-03-07,Sahil Sharma,Indore,Beauty,Shampoo,1,1396,15,1186.6,Net Banking,Completed
ORD01487,2024-04-11,Ananya Verma,Mumbai,Home & Kitchen,Bedsheet,4,1577,15,5361.8,UPI,Completed
ORD01488,2025-01-21,Kavya Mishra,Bhopal,Clothing,Sneakers,2,562,20,899.2,Credit Card,Completed
ORD01489,2025-03-05,Arjun Yadav,Jaipur,Books,SQL for Beginners,2,1088,20,1740.8,UPI,Completed
ORD01490,2025-10-13,Isha Jain,Ahmedabad,Beauty,Face Wash,4,3245,20,10384.0,Cash on Delivery,Completed
ORD01491,2024-06-14,Kavya Jain,Jaipur,Clothing,Jacket,5,1362,0,6810.0,UPI,Completed
ORD01492,2025-01-25,Riya Shah,Delhi,Books,Python Programming,1,1704,10,1533.6,Debit Card,Completed
ORD01493,2025-03-21,Aditi Verma,Indore,Electronics,Bluetooth Speaker,4,43188,0,172752.0,UPI,Completed
ORD01494,2025-10-08,Arjun Singh,Bhopal,Electronics,Bluetooth Speaker,1,57728,15,49068.8,Credit Card,Completed
ORD01495,2025-03-25,Aarav Shah,Jaipur,Home & Kitchen,Mixer Grinder,5,9799,5,46545.25,Net Banking,Cancelled
ORD01496,2024-12-05,Vivaan Gupta,Bengaluru,Clothing,Jeans,1,821,5,779.95,Cash on Delivery,Cancelled
ORD01497,2024-06-30,Amit Joshi,Bhopal,Home & Kitchen,Coffee Maker,5,5926,5,28148.5,Credit Card,Returned
ORD01498,2025-12-13,Neha Jain,Jaipur,Books,Python Programming,4,1790,0,7160.0,Debit Card,Cancelled
ORD01499,2025-08-01,Pooja Jain,Jaipur,Electronics,Bluetooth Speaker,1,49383,0,49383.0,UPI,Completed
ORD01500,2025-01-15,Priya Soni,Delhi,Home & Kitchen,Coffee Maker,5,11248,10,50616.0,Cash on Delivery,Completed
